{
	"credit": "Made with Blockbench",
	"texture_size": [64, 32],
	"textures": {
		"0": "item/mobs/sheep_d3",
		"particle": "item/mobs/sheep_d3"
	},
	"elements": [
		{
			"name": "rotation",
			"from": [4, 1, 1],
			"to": [10, 9, 17],
			"rotation": {"angle": 0, "axis": "y", "origin": [8, 5, 8]},
			"faces": {
				"north": {"uv": [12.5, 4, 10.5, 7], "rotation": 270, "texture": "#0"},
				"east": {"uv": [12, 7, 14, 15], "rotation": 270, "texture": "#0"},
				"south": {"uv": [10.5, 7, 8.5, 4], "rotation": 270, "texture": "#0"},
				"west": {"uv": [8.5, 7, 10.5, 15], "rotation": 90, "texture": "#0"},
				"up": {"uv": [7, 7, 8.5, 15], "rotation": 180, "texture": "#0"},
				"down": {"uv": [10.5, 7, 12, 15], "texture": "#0"}
			}
		},
		{
			"name": "head",
			"from": [-0.3, 5, -4],
			"to": [5.7, 11, 4],
			"rotation": {"angle": -22.5, "axis": "x", "origin": [8, 5, 8]},
			"faces": {
				"north": {"uv": [2, 4, 3.5, 7], "rotation": 90, "texture": "#0"},
				"east": {"uv": [5, 0, 3.5, 4], "rotation": 270, "texture": "#0"},
				"south": {"uv": [5.5, 4, 7, 7], "rotation": 270, "texture": "#0"},
				"west": {"uv": [3.5, 4, 2, 0], "rotation": 270, "texture": "#0"},
				"up": {"uv": [0.25, 4, 2.25, 7], "rotation": 270, "texture": "#0"},
				"down": {"uv": [3.25, 4, 5.25, 7], "rotation": 270, "texture": "#0"}
			}
		},
		{
			"name": "leg1",
			"from": [6.9, 6, 13.7],
			"to": [18.9, 10, 17.7],
			"rotation": {"angle": -22.5, "axis": "z", "origin": [8, 5, 8]},
			"faces": {
				"north": {"uv": [1, 10, 2, 16], "rotation": 90, "texture": "#0"},
				"east": {"uv": [3, 8, 2, 10], "rotation": 270, "texture": "#0"},
				"south": {"uv": [3, 10, 4, 16], "rotation": 270, "texture": "#0"},
				"west": {"uv": [2, 10, 1, 8], "rotation": 270, "texture": "#0"},
				"up": {"uv": [0, 10, 1, 16], "rotation": 270, "texture": "#0"},
				"down": {"uv": [2, 10, 3, 16], "rotation": 270, "texture": "#0"}
			}
		},
		{
			"name": "leg2",
			"from": [9, 0, 14],
			"to": [21, 4, 18],
			"rotation": {"angle": 0, "axis": "y", "origin": [8, 5, 8]},
			"faces": {
				"north": {"uv": [1, 10, 2, 16], "rotation": 90, "texture": "#0"},
				"east": {"uv": [3, 8, 2, 10], "rotation": 270, "texture": "#0"},
				"south": {"uv": [3, 10, 4, 16], "rotation": 270, "texture": "#0"},
				"west": {"uv": [2, 10, 1, 8], "rotation": 270, "texture": "#0"},
				"up": {"uv": [0, 10, 1, 16], "rotation": 270, "texture": "#0"},
				"down": {"uv": [2, 10, 3, 16], "rotation": 270, "texture": "#0"}
			}
		},
		{
			"name": "leg3",
			"from": [6.9, 6, 1.7],
			"to": [18.9, 10, 5.7],
			"rotation": {"angle": -22.5, "axis": "z", "origin": [8, 5, 8]},
			"faces": {
				"north": {"uv": [1, 10, 2, 16], "rotation": 90, "texture": "#0"},
				"east": {"uv": [3, 8, 2, 10], "rotation": 270, "texture": "#0"},
				"south": {"uv": [3, 10, 4, 16], "rotation": 270, "texture": "#0"},
				"west": {"uv": [2, 10, 1, 8], "rotation": 270, "texture": "#0"},
				"up": {"uv": [0, 10, 1, 16], "rotation": 270, "texture": "#0"},
				"down": {"uv": [2, 10, 3, 16], "rotation": 270, "texture": "#0"}
			}
		},
		{
			"name": "leg4",
			"from": [9, 0, 2],
			"to": [21, 4, 6],
			"rotation": {"angle": 0, "axis": "y", "origin": [8, 5, 8]},
			"faces": {
				"north": {"uv": [1, 10, 2, 16], "rotation": 90, "texture": "#0"},
				"east": {"uv": [3, 8, 2, 10], "rotation": 270, "texture": "#0"},
				"south": {"uv": [3, 10, 4, 16], "rotation": 270, "texture": "#0"},
				"west": {"uv": [2, 10, 1, 8], "rotation": 270, "texture": "#0"},
				"up": {"uv": [0, 10, 1, 16], "rotation": 270, "texture": "#0"},
				"down": {"uv": [2, 10, 3, 16], "rotation": 270, "texture": "#0"}
			}
		}
	],
	"display": {
		"thirdperson_righthand": {
			"rotation": [0, 0, -92],
			"translation": [2.75, -5, -8.25]
		},
		"head": {
			"translation": [0, -30.5, 0],
			"scale": [1.61, 1.61, 1.61]
		}
	},
	"groups": [
		{
			"name": "bone2",
			"origin": [0, 0, 0],
			"color": 0,
			"children": [
				{
					"name": "body",
					"origin": [0, 19, 2],
					"color": 0,
					"children": [
						{
							"name": "rotation",
							"origin": [0, 19, 2],
							"color": 0,
							"children": [0]
						}
					]
				},
				{
					"name": "head",
					"origin": [0, 18, -8],
					"color": 0,
					"children": [1]
				},
				{
					"name": "leg1",
					"origin": [-3, 12, 7],
					"color": 0,
					"children": [2]
				},
				{
					"name": "leg2",
					"origin": [3, 12, 7],
					"color": 0,
					"children": [3]
				},
				{
					"name": "leg3",
					"origin": [-3, 12, -5],
					"color": 0,
					"children": [4]
				},
				{
					"name": "leg4",
					"origin": [3, 12, -5],
					"color": 0,
					"children": [5]
				},
				{
					"name": "bone",
					"origin": [0, 0, 0],
					"color": 0,
					"children": []
				}
			]
		}
	]
}