{
	"credit": "Made with Blockbench",
	"textures": {
		"0": "block/bricks",
		"7": "block/melter_out",
		"particle": "block/bricks"
	},
	"elements": [
		{
			"from": [0, 0, 0],
			"to": [16, 16, 16],
			"faces": {
				"north": {"uv": [0, 0, 16, 16], "texture": "#7"},
				"east": {"uv": [16, 0, 0, 16], "texture": "#0"},
				"south": {"uv": [0, 0, 16, 16], "texture": "#0"},
				"west": {"uv": [16, 0, 0, 16], "texture": "#0"},
				"up": {"uv": [0, 0, 16, 16], "texture": "#0"},
				"down": {"uv": [0, 0, 16, 16], "texture": "#0"}
			}
		}
	],
	"display": {
		"thirdperson_righthand": {
			"rotation": [47, 0, 0],
			"translation": [0.25, 0, -1],
			"scale": [0.22, 0.22, 0.22]
		},
		"thirdperson_lefthand": {
			"rotation": [53, 0, 0],
			"translation": [0, 0, -1.25],
			"scale": [0.22, 0.22, 0.22]
		},
		"firstperson_righthand": {
			"rotation": [5, 90, 0],
			"translation": [0.25, 0, 0],
			"scale": [0.22, 0.22, 0.22]
		},
		"firstperson_lefthand": {
			"rotation": [28, 83, 0],
			"scale": [0.22, 0.22, 0.22]
		},
		"ground": {
			"scale": [0.24, 0.24, 0.24]
		},
		"gui": {
			"rotation": [13, -165, 0],
			"scale": [0.74, 0.74, 0.74]
		},
		"head": {
			"scale": [0.95, 0.95, 0.95]
		},
		"fixed": {
			"rotation": [-90, 0, 0],
			"translation": [0, 0, -16],
			"scale": [2.001, 2.001, 2.001]
		}
	}
}