{
	"credit": "Made with Blockbench",
	"texture_size": [8, 52],
	"textures": {
		"0": "item/liquid_level/lava/lava5",
		"particle": "item/liquid_level/lava/lava5"
	},
	"elements": [
		{
			"from": [0, -16, 7],
			"to": [16, 32, 8],
			"faces": {
				"north": {"uv": [0, 0, 16, 16], "texture": "#0"},
				"east": {"uv": [0, 0, 2, 16], "texture": "#0"},
				"south": {"uv": [0, 0, 16, 16], "texture": "#0"},
				"west": {"uv": [0, 0, 2, 16], "texture": "#0"},
				"up": {"uv": [16, 0, 0, 16], "texture": "#0"},
				"down": {"uv": [0, 0, 16, 16], "texture": "#0"}
			}
		}
	],
	"display": {
		"thirdperson_righthand": {
			"rotation": [47, 0, 0],
			"translation": [0.25, 0, -1],
			"scale": [0.22, 0.22, 0.22]
		},
		"thirdperson_lefthand": {
			"rotation": [53, 0, 0],
			"translation": [0, 0, -1.25],
			"scale": [0.22, 0.22, 0.22]
		},
		"firstperson_righthand": {
			"rotation": [5, 90, 0],
			"translation": [0.25, 0, 0],
			"scale": [0.22, 0.22, 0.22]
		},
		"firstperson_lefthand": {
			"rotation": [28, 83, 0],
			"scale": [0.22, 0.22, 0.22]
		},
		"ground": {
			"scale": [0.24, 0.24, 0.24]
		},
		"gui": {
			"scale": [0.61, 1.12, 1.12]
		},
		"head": {
			"translation": [0, -43.25, 0],
			"scale": [1.61, 1.61, 1.61]
		},
		"fixed": {
			"rotation": [-90, 0, 0],
			"translation": [0, 0, -16],
			"scale": [2.001, 2.001, 2.001]
		}
	}
}