{
	"credit": "Made with Blockbench",
	"texture_size": [64, 32],
	"textures": {
		"0": "item/mobs/chicken_d"
	},
	"elements": [
		{
			"name": "head",
			"from": [0, 2, 2],
			"to": [6, 6, 5],
			"rotation": {"angle": -22.5, "axis": "x", "origin": [8, 7, 8]},
			"faces": {
				"north": {"uv": [0.75, 1.5, 1.75, 4.5], "rotation": 90, "texture": "#0"},
				"east": {"uv": [2.75, 0, 1.75, 1.5], "rotation": 270, "texture": "#0"},
				"south": {"uv": [2.5, 1.5, 3.5, 4.5], "rotation": 270, "texture": "#0"},
				"west": {"uv": [1.75, 1.5, 0.75, 0], "rotation": 270, "texture": "#0"},
				"up": {"uv": [0, 1.5, 0.75, 4.5], "rotation": 270, "texture": "#0"},
				"down": {"uv": [1.75, 1.5, 2.5, 4.5], "rotation": 270, "texture": "#0"}
			}
		},
		{
			"name": "rotation",
			"from": [4, 0, 4],
			"to": [10, 6, 12],
			"rotation": {"angle": 0, "axis": "y", "origin": [8, 7, 8]},
			"faces": {
				"north": {"uv": [4.5, 4.5, 3, 7.5], "rotation": 270, "texture": "#0"},
				"east": {"uv": [4.5, 7.5, 6, 11.5], "rotation": 270, "texture": "#0"},
				"south": {"uv": [3, 7.5, 1.5, 4.5], "rotation": 270, "texture": "#0"},
				"west": {"uv": [1.5, 7.5, 3, 11.5], "rotation": 90, "texture": "#0"},
				"up": {"uv": [0, 7.5, 1.5, 11.5], "rotation": 180, "texture": "#0"},
				"down": {"uv": [3, 7.5, 4.5, 11.5], "texture": "#0"}
			}
		},
		{
			"name": "right_leg",
			"from": [14.1, 3.7, 6.1],
			"to": [15.1, 6.7, 8.1],
			"rotation": {"angle": -22.5, "axis": "z", "origin": [8, 7, 8]},
			"faces": {
				"north": {"uv": [8, 1, 8.5, 1.5], "rotation": 90, "texture": "#0"},
				"east": {"uv": [8.75, 0.5, 8, 1.5], "rotation": 270, "texture": "#0"},
				"south": {"uv": [8, 1, 8.5, 1.5], "rotation": 270, "texture": "#0"},
				"west": {"uv": [8.75, 1.5, 8, 0.5], "rotation": 270, "texture": "#0"},
				"up": {"uv": [8, 1, 8.5, 1.5], "rotation": 270, "texture": "#0"},
				"down": {"uv": [8, 1, 8.5, 1.5], "rotation": 270, "texture": "#0"}
			}
		},
		{
			"name": "right_leg",
			"from": [10.1, 4.7, 8.1],
			"to": [15.1, 5.7, 9.1],
			"rotation": {"angle": -22.5, "axis": "z", "origin": [8, 7, 8]},
			"faces": {
				"north": {"uv": [9, 1.5, 9.25, 4], "rotation": 90, "texture": "#0"},
				"east": {"uv": [8.25, 1, 8, 1.5], "rotation": 270, "texture": "#0"},
				"south": {"uv": [9, 1.5, 9.25, 4], "rotation": 270, "texture": "#0"},
				"west": {"uv": [8.25, 1.5, 8, 1], "rotation": 270, "texture": "#0"},
				"up": {"uv": [9, 1.5, 9.25, 4], "rotation": 270, "texture": "#0"},
				"down": {"uv": [9, 1.5, 9.25, 4], "rotation": 270, "texture": "#0"}
			}
		},
		{
			"name": "right_leg",
			"from": [13.1, 0.7, 6.1],
			"to": [14.1, 3.7, 8.1],
			"rotation": {"angle": -22.5, "axis": "y", "origin": [8, 7, 8]},
			"faces": {
				"north": {"uv": [8, 1, 8.5, 1.5], "rotation": 90, "texture": "#0"},
				"east": {"uv": [8.75, 0.5, 8, 1.5], "rotation": 270, "texture": "#0"},
				"south": {"uv": [8, 1, 8.5, 1.5], "rotation": 270, "texture": "#0"},
				"west": {"uv": [8.75, 1.5, 8, 0.5], "rotation": 270, "texture": "#0"},
				"up": {"uv": [8, 1, 8.5, 1.5], "rotation": 270, "texture": "#0"},
				"down": {"uv": [8, 1, 8.5, 1.5], "rotation": 270, "texture": "#0"}
			}
		},
		{
			"name": "right_leg",
			"from": [9.1, 1.7, 8.1],
			"to": [14.1, 2.7, 9.1],
			"rotation": {"angle": -22.5, "axis": "y", "origin": [8, 7, 8]},
			"faces": {
				"north": {"uv": [9, 1.5, 9.25, 4], "rotation": 90, "texture": "#0"},
				"east": {"uv": [8.25, 1, 8, 1.5], "rotation": 270, "texture": "#0"},
				"south": {"uv": [9, 1.5, 9.25, 4], "rotation": 270, "texture": "#0"},
				"west": {"uv": [8.25, 1.5, 8, 1], "rotation": 270, "texture": "#0"},
				"up": {"uv": [9, 1.5, 9.25, 4], "rotation": 270, "texture": "#0"},
				"down": {"uv": [9, 1.5, 9.25, 4], "rotation": 270, "texture": "#0"}
			}
		},
		{
			"name": "right_wing",
			"from": [4, 6, 5],
			"to": [8, 7, 11],
			"rotation": {"angle": 0, "axis": "y", "origin": [8, 7, 8]},
			"faces": {
				"north": {"uv": [7.5, 9.5, 7.75, 11.5], "rotation": 90, "texture": "#0"},
				"east": {"uv": [8, 6.5, 7.75, 9.5], "rotation": 270, "texture": "#0"},
				"south": {"uv": [9.25, 9.5, 9.5, 11.5], "rotation": 270, "texture": "#0"},
				"west": {"uv": [7.75, 9.5, 7.5, 6.5], "rotation": 270, "texture": "#0"},
				"up": {"uv": [6, 9.5, 7.5, 11.5], "rotation": 270, "texture": "#0"},
				"down": {"uv": [7.75, 9.5, 9.25, 11.5], "rotation": 270, "texture": "#0"}
			}
		},
		{
			"name": "left_wing",
			"from": [4, -1, 5],
			"to": [8, 0, 11],
			"rotation": {"angle": 0, "axis": "y", "origin": [8, 7, 8]},
			"faces": {
				"north": {"uv": [7.5, 9.5, 7.75, 11.5], "rotation": 90, "texture": "#0"},
				"east": {"uv": [8, 6.5, 7.75, 9.5], "rotation": 270, "texture": "#0"},
				"south": {"uv": [9.25, 9.5, 9.5, 11.5], "rotation": 270, "texture": "#0"},
				"west": {"uv": [7.75, 9.5, 7.5, 6.5], "rotation": 270, "texture": "#0"},
				"up": {"uv": [6, 9.5, 7.5, 11.5], "rotation": 270, "texture": "#0"},
				"down": {"uv": [7.75, 9.5, 9.25, 11.5], "rotation": 270, "texture": "#0"}
			}
		},
		{
			"name": "bill",
			"from": [2, 2, 0],
			"to": [4, 6, 2],
			"rotation": {"angle": -22.5, "axis": "x", "origin": [8, 7, 8]},
			"faces": {
				"north": {"uv": [4, 1, 5, 2], "rotation": 90, "texture": "#0"},
				"east": {"uv": [6, 0, 5, 1], "rotation": 270, "texture": "#0"},
				"south": {"uv": [5.5, 1, 6.5, 2], "rotation": 270, "texture": "#0"},
				"west": {"uv": [5, 1, 4, 0], "rotation": 270, "texture": "#0"},
				"up": {"uv": [3.5, 1, 4, 2], "rotation": 270, "texture": "#0"},
				"down": {"uv": [5, 1, 5.5, 2], "rotation": 270, "texture": "#0"}
			}
		},
		{
			"name": "chin",
			"from": [4, 3, 1],
			"to": [6, 5, 3],
			"rotation": {"angle": -22.5, "axis": "x", "origin": [8, 7, 8]},
			"faces": {
				"north": {"uv": [4, 3, 4.5, 4], "rotation": 90, "texture": "#0"},
				"east": {"uv": [5, 2, 4.5, 3], "rotation": 270, "texture": "#0"},
				"south": {"uv": [5, 3, 5.5, 4], "rotation": 270, "texture": "#0"},
				"west": {"uv": [4.5, 3, 4, 2], "rotation": 270, "texture": "#0"},
				"up": {"uv": [3.5, 3, 4, 4], "rotation": 270, "texture": "#0"},
				"down": {"uv": [4.5, 3, 5, 4], "rotation": 270, "texture": "#0"}
			}
		}
	],
	"display": {
		"thirdperson_righthand": {
			"rotation": [90, 0, 0],
			"translation": [-6.75, -2.25, -3]
		},
		"head": {
			"translation": [0, -28.75, 0],
			"scale": [1.61, 1.61, 1.61]
		}
	},
	"groups": [
		{
			"name": "group",
			"origin": [0, 9, -4],
			"color": 0,
			"children": [
				{
					"name": "head",
					"origin": [0, 9, -4],
					"color": 0,
					"children": [0]
				},
				{
					"name": "body",
					"origin": [0, 8, 0],
					"color": 0,
					"children": [
						{
							"name": "rotation",
							"origin": [0, 8, 0],
							"color": 0,
							"children": [1]
						}
					]
				},
				{
					"name": "right_leg",
					"origin": [-2, 5, 1],
					"color": 0,
					"children": [2, 3]
				},
				{
					"name": "right_leg",
					"origin": [-2, 5, 1],
					"color": 0,
					"children": [4, 5]
				},
				{
					"name": "right_wing",
					"origin": [-4, 11, 0],
					"color": 0,
					"children": [6]
				},
				{
					"name": "left_wing",
					"origin": [4, 11, 0],
					"color": 0,
					"children": [7]
				},
				{
					"name": "bill",
					"origin": [0, 9, -4],
					"color": 0,
					"children": [8]
				},
				{
					"name": "chin",
					"origin": [0, 9, -4],
					"color": 0,
					"children": [9]
				}
			]
		}
	]
}