{
	"credit": "Made with Blockbench",
	"texture_size": [64, 64],
	"textures": {
		"0": "item/mobs/goat_d"
	},
	"elements": [
		{
			"name": "head",
			"from": [0.2, 1.9, -4.5],
			"to": [10.2, 6.9, 2.5],
			"rotation": {"angle": 0, "axis": "y", "origin": [11.2, 4.4, 11]},
			"faces": {
				"north": {"uv": [12.25, 14, 11, 11.5], "rotation": 270, "texture": "#0"},
				"east": {"uv": [11, 14, 12.25, 15.75], "rotation": 90, "texture": "#0"},
				"south": {"uv": [13.5, 11.5, 12.25, 14], "rotation": 270, "texture": "#0"},
				"west": {"uv": [14.75, 14, 16, 15.75], "rotation": 270, "texture": "#0"},
				"up": {"uv": [8.5, 14, 11, 15.75], "texture": "#0"},
				"down": {"uv": [12.25, 14, 14.75, 15.75], "rotation": 180, "texture": "#0"}
			}
		},
		{
			"name": "body",
			"from": [2, -0.1, 3],
			"to": [13, 8.9, 19],
			"rotation": {"angle": 0, "axis": "y", "origin": [11, 4.4, 10]},
			"faces": {
				"north": {"uv": [4.25, 4.25, 6.5, 7], "rotation": 90, "texture": "#0"},
				"east": {"uv": [8.75, 0.25, 6.5, 4.25], "rotation": 270, "texture": "#0"},
				"south": {"uv": [10.5, 4.25, 12.75, 7], "rotation": 270, "texture": "#0"},
				"west": {"uv": [6.5, 4.25, 4.25, 0.25], "rotation": 270, "texture": "#0"},
				"up": {"uv": [0.25, 4.25, 4.25, 7], "rotation": 270, "texture": "#0"},
				"down": {"uv": [6.5, 4.25, 10.5, 7], "rotation": 270, "texture": "#0"}
			}
		},
		{
			"name": "body",
			"from": [1, -1.1, 2],
			"to": [15, 9.9, 13],
			"rotation": {"angle": 0, "axis": "y", "origin": [11, 4.4, 10]},
			"faces": {
				"north": {"uv": [2.75, 9.75, 5.5, 13.25], "rotation": 90, "texture": "#0"},
				"east": {"uv": [8.25, 7, 5.5, 9.75], "rotation": 270, "texture": "#0"},
				"south": {"uv": [8.25, 9.75, 11, 13.25], "rotation": 270, "texture": "#0"},
				"west": {"uv": [5.5, 9.75, 2.75, 7], "rotation": 270, "texture": "#0"},
				"up": {"uv": [0, 9.75, 2.75, 13.25], "rotation": 270, "texture": "#0"},
				"down": {"uv": [5.5, 9.75, 8.25, 13.25], "rotation": 270, "texture": "#0"}
			}
		},
		{
			"name": "right_ear",
			"from": [-7.1, 6.9, 8],
			"to": [-5.1, 9.9, 9],
			"rotation": {"angle": -45, "axis": "y", "origin": [11.2, 4.4, 12]},
			"faces": {
				"north": {"uv": [0.75, 15.5, 1.5, 16], "rotation": 90, "texture": "#0"},
				"east": {"uv": [2.25, 15.25, 1.5, 15.5], "rotation": 270, "texture": "#0"},
				"south": {"uv": [1.75, 15.5, 2.5, 16], "rotation": 270, "texture": "#0"},
				"west": {"uv": [1.5, 15.5, 0.75, 15.25], "rotation": 270, "texture": "#0"},
				"up": {"uv": [0.5, 15.5, 0.75, 16], "rotation": 270, "texture": "#0"},
				"down": {"uv": [1.5, 15.5, 1.75, 16], "rotation": 270, "texture": "#0"}
			}
		},
		{
			"name": "left_ear",
			"from": [-7.1, -1.1, 8],
			"to": [-5.1, 1.9, 9],
			"shade": false,
			"rotation": {"angle": -45, "axis": "y", "origin": [11.2, 4.4, 12]},
			"faces": {
				"north": {"uv": [1.5, 15.5, 0.75, 16], "rotation": 90, "texture": "#0"},
				"east": {"uv": [1.5, 15.25, 2.25, 15.5], "rotation": 270, "texture": "#0"},
				"south": {"uv": [2.5, 15.5, 1.75, 16], "rotation": 270, "texture": "#0"},
				"west": {"uv": [0.75, 15.5, 1.5, 15.25], "rotation": 270, "texture": "#0"},
				"up": {"uv": [1.75, 15.5, 1.5, 16], "rotation": 270, "texture": "#0"},
				"down": {"uv": [0.75, 15.5, 0.5, 16], "rotation": 270, "texture": "#0"}
			}
		},
		{
			"name": "goatee",
			"from": [3.2, 4.4, 0],
			"to": [10.2, 4.4, 5],
			"rotation": {"angle": -22.5, "axis": "y", "origin": [11.2, 4.4, 12]},
			"faces": {
				"north": {"uv": [7, 14.25, 7, 16], "rotation": 90, "texture": "#0"},
				"east": {"uv": [7, 13, 7, 14.25], "rotation": 270, "texture": "#0"},
				"south": {"uv": [8.25, 14.25, 8.25, 16], "rotation": 270, "texture": "#0"},
				"west": {"uv": [7, 14.25, 7, 13], "rotation": 270, "texture": "#0"},
				"up": {"uv": [5.75, 14.25, 7, 16], "rotation": 270, "texture": "#0"},
				"down": {"uv": [7, 14.25, 8.25, 16], "rotation": 270, "texture": "#0"}
			}
		},
		{
			"name": "horns",
			"from": [-12.1, 1.91, 8],
			"to": [-5.1, 3.91, 10],
			"rotation": {"angle": -45, "axis": "y", "origin": [11.2, 4.4, 12]},
			"faces": {
				"north": {"uv": [3.5, 14.25, 4, 16], "rotation": 90, "texture": "#0"},
				"east": {"uv": [4.5, 13.75, 4, 14.25], "rotation": 270, "texture": "#0"},
				"south": {"uv": [4.5, 14.25, 5, 16], "rotation": 270, "texture": "#0"},
				"west": {"uv": [4, 14.25, 3.5, 13.75], "rotation": 270, "texture": "#0"},
				"up": {"uv": [3, 14.25, 3.5, 16], "rotation": 270, "texture": "#0"},
				"down": {"uv": [4, 14.25, 4.5, 16], "rotation": 270, "texture": "#0"}
			}
		},
		{
			"name": "horns",
			"from": [-12.1, 4.89, 8],
			"to": [-5.1, 6.89, 10],
			"rotation": {"angle": -45, "axis": "y", "origin": [11.2, 4.4, 12]},
			"faces": {
				"north": {"uv": [3.5, 14.25, 4, 16], "rotation": 90, "texture": "#0"},
				"east": {"uv": [4.5, 13.75, 4, 14.25], "rotation": 270, "texture": "#0"},
				"south": {"uv": [4.5, 14.25, 5, 16], "rotation": 270, "texture": "#0"},
				"west": {"uv": [4, 14.25, 3.5, 13.75], "rotation": 270, "texture": "#0"},
				"up": {"uv": [3, 14.25, 3.5, 16], "rotation": 270, "texture": "#0"},
				"down": {"uv": [4, 14.25, 4.5, 16], "rotation": 270, "texture": "#0"}
			}
		},
		{
			"name": "front_left_leg",
			"from": [9, 0.9, 4],
			"to": [19, 3.9, 7],
			"rotation": {"angle": 0, "axis": "y", "origin": [11, 4.4, 10]},
			"faces": {
				"north": {"uv": [9.5, 1.25, 10.25, 3.75], "rotation": 90, "texture": "#0"},
				"east": {"uv": [11, 0.5, 10.25, 1.25], "rotation": 270, "texture": "#0"},
				"south": {"uv": [11, 1.25, 11.75, 3.75], "rotation": 270, "texture": "#0"},
				"west": {"uv": [10.25, 1.25, 9.5, 0.5], "rotation": 270, "texture": "#0"},
				"up": {"uv": [8.75, 1.25, 9.5, 3.75], "rotation": 270, "texture": "#0"},
				"down": {"uv": [10.25, 1.25, 11, 3.75], "rotation": 270, "texture": "#0"}
			}
		},
		{
			"name": "front_right_leg",
			"from": [9, 4.9, 4.1],
			"to": [19, 7.9, 7.1],
			"rotation": {"angle": -22.5, "axis": "z", "origin": [11, 4.4, 10]},
			"faces": {
				"north": {"uv": [13, 1.25, 13.75, 3.75], "rotation": 90, "texture": "#0"},
				"east": {"uv": [14.5, 0.5, 13.75, 1.25], "rotation": 270, "texture": "#0"},
				"south": {"uv": [14.5, 1.25, 15.25, 3.75], "rotation": 270, "texture": "#0"},
				"west": {"uv": [13.75, 1.25, 13, 0.5], "rotation": 270, "texture": "#0"},
				"up": {"uv": [12.25, 1.25, 13, 3.75], "rotation": 270, "texture": "#0"},
				"down": {"uv": [13.75, 1.25, 14.5, 3.75], "rotation": 270, "texture": "#0"}
			}
		},
		{
			"name": "back_right_leg",
			"from": [11, 5.9, 14.1],
			"to": [17, 8.9, 17.1],
			"rotation": {"angle": -22.5, "axis": "z", "origin": [11, 4.4, 10]},
			"faces": {
				"north": {"uv": [13, 8, 13.75, 9.5], "rotation": 90, "texture": "#0"},
				"east": {"uv": [14.5, 7.25, 13.75, 8], "rotation": 270, "texture": "#0"},
				"south": {"uv": [14.5, 8, 15.25, 9.5], "rotation": 270, "texture": "#0"},
				"west": {"uv": [13.75, 8, 13, 7.25], "rotation": 270, "texture": "#0"},
				"up": {"uv": [12.25, 8, 13, 9.5], "rotation": 270, "texture": "#0"},
				"down": {"uv": [13.75, 8, 14.5, 9.5], "rotation": 270, "texture": "#0"}
			}
		},
		{
			"name": "back_left_leg",
			"from": [13, 0.9, 14],
			"to": [19, 3.9, 17],
			"rotation": {"angle": 0, "axis": "y", "origin": [11, 4.4, 10]},
			"faces": {
				"north": {"uv": [9.75, 8, 10.5, 9.5], "rotation": 90, "texture": "#0"},
				"east": {"uv": [11.25, 7.25, 10.5, 8], "rotation": 270, "texture": "#0"},
				"south": {"uv": [11.25, 8, 12, 9.5], "rotation": 270, "texture": "#0"},
				"west": {"uv": [10.5, 8, 9.75, 7.25], "rotation": 270, "texture": "#0"},
				"up": {"uv": [9, 8, 9.75, 9.5], "rotation": 270, "texture": "#0"},
				"down": {"uv": [10.5, 8, 11.25, 9.5], "rotation": 270, "texture": "#0"}
			}
		}
	],
	"display": {
		"head": {
			"translation": [0, -28.75, 0],
			"scale": [1.61, 1.61, 1.61]
		}
	},
	"groups": [
		{
			"name": "bone",
			"origin": [0, 0, 0],
			"color": 0,
			"children": [
				{
					"name": "head",
					"origin": [-0.5, 18, -8],
					"color": 0,
					"children": [0]
				},
				{
					"name": "body",
					"origin": [0, 11, 0],
					"color": 0,
					"children": [1, 2]
				},
				{
					"name": "right_ear",
					"origin": [2.5, 20, -10],
					"color": 0,
					"children": [3]
				},
				{
					"name": "left_ear",
					"origin": [-2.5, 20, -10],
					"color": 0,
					"shade": false,
					"children": [4]
				},
				{
					"name": "goatee",
					"origin": [0, 12.5, -11.5],
					"color": 0,
					"children": [5]
				},
				{
					"name": "horns",
					"origin": [0, 20, -9],
					"color": 0,
					"children": [6, 7]
				},
				{
					"name": "front_left_leg",
					"origin": [-0.5, 10, -6],
					"color": 0,
					"children": [8]
				},
				{
					"name": "front_right_leg",
					"origin": [3.5, 10, -6],
					"color": 0,
					"children": [9]
				},
				{
					"name": "back_right_leg",
					"origin": [3.5, 10, 4],
					"color": 0,
					"children": [10]
				},
				{
					"name": "back_left_leg",
					"origin": [-0.5, 10, 4],
					"color": 0,
					"children": [11]
				}
			]
		}
	]
}