{
	"credit": "Made with Blockbench",
	"texture_size": [128, 64],
	"textures": {
		"0": "item/mobs/hoglin_d"
	},
	"elements": [
		{
			"name": "head_rotation",
			"from": [1, 5, -12],
			"to": [15, 11, 7],
			"rotation": {"angle": -22.5, "axis": "x", "origin": [8, 0, 0]},
			"faces": {
				"north": {"uv": [10, 5, 11.75, 6.5], "texture": "#0"},
				"east": {"uv": [7.625, 5, 10, 6.5], "texture": "#0"},
				"south": {"uv": [14.125, 5, 15.875, 6.5], "texture": "#0"},
				"west": {"uv": [11.75, 5, 14.125, 6.5], "texture": "#0"},
				"up": {"uv": [11.75, 5, 10, 0.25], "texture": "#0"},
				"down": {"uv": [13.5, 0.25, 11.75, 5], "texture": "#0"}
			}
		},
		{
			"name": "head_rotation",
			"from": [-1, 6, -12],
			"to": [1, 17, -10],
			"rotation": {"angle": -22.5, "axis": "x", "origin": [8, 0, 0]},
			"faces": {
				"north": {"uv": [0.375, 3.75, 0.625, 6.5], "texture": "#0"},
				"east": {"uv": [0.125, 3.75, 0.375, 6.5], "texture": "#0"},
				"south": {"uv": [0.875, 3.75, 1.125, 6.5], "texture": "#0"},
				"west": {"uv": [0.625, 3.75, 0.875, 6.5], "texture": "#0"},
				"up": {"uv": [0.625, 3.75, 0.375, 3.25], "texture": "#0"},
				"down": {"uv": [0.875, 3.25, 0.625, 3.75], "texture": "#0"}
			}
		},
		{
			"name": "head_rotation",
			"from": [15, 6, -12],
			"to": [17, 17, -10],
			"rotation": {"angle": -22.5, "axis": "x", "origin": [8, 0, 0]},
			"faces": {
				"north": {"uv": [1.5, 3.75, 1.75, 6.5], "texture": "#0"},
				"east": {"uv": [1.25, 3.75, 1.5, 6.5], "texture": "#0"},
				"south": {"uv": [2, 3.75, 2.25, 6.5], "texture": "#0"},
				"west": {"uv": [1.75, 3.75, 2, 6.5], "texture": "#0"},
				"up": {"uv": [1.75, 3.75, 1.5, 3.25], "texture": "#0"},
				"down": {"uv": [2, 3.25, 1.75, 3.75], "texture": "#0"}
			}
		},
		{
			"name": "left_ear_rotation2",
			"from": [0, 6, -3.5],
			"to": [1, 12, 0.5],
			"rotation": {"angle": -22.5, "axis": "x", "origin": [1, 12, 0]},
			"faces": {
				"north": {"uv": [0.625, 2.5, 1.375, 2.75], "rotation": 90, "texture": "#0"},
				"east": {"uv": [2.125, 1.5, 1.375, 2.5], "rotation": 270, "texture": "#0"},
				"south": {"uv": [1.875, 2.5, 2.625, 2.75], "rotation": 270, "texture": "#0"},
				"west": {"uv": [1.375, 2.5, 0.625, 1.5], "rotation": 270, "texture": "#0"},
				"up": {"uv": [0.125, 2.5, 0.625, 2.75], "rotation": 270, "texture": "#0"},
				"down": {"uv": [1.375, 2.5, 1.875, 2.75], "rotation": 270, "texture": "#0"}
			}
		},
		{
			"name": "right_ear_rotation2",
			"from": [15, 6, -4.5],
			"to": [16, 12, -0.5],
			"rotation": {"angle": -22.5, "axis": "x", "origin": [15, 12, 0]},
			"faces": {
				"north": {"uv": [0.625, 1.25, 1.375, 1.5], "rotation": 270, "texture": "#0"},
				"east": {"uv": [1.375, 1.25, 0.625, 0.25], "rotation": 90, "texture": "#0"},
				"south": {"uv": [1.875, 1.25, 2.625, 1.5], "rotation": 90, "texture": "#0"},
				"west": {"uv": [2.125, 0.25, 1.375, 1.25], "rotation": 90, "texture": "#0"},
				"up": {"uv": [1.375, 1.25, 1.875, 1.5], "rotation": 90, "texture": "#0"},
				"down": {"uv": [0.125, 1.25, 0.625, 1.5], "rotation": 90, "texture": "#0"}
			}
		},
		{
			"name": "body",
			"from": [0, -1, 2.5],
			"to": [16, 13, 28.5],
			"rotation": {"angle": 0, "axis": "y", "origin": [8, 0, 0]},
			"faces": {
				"north": {"uv": [3.375, 6.75, 5.375, 10.25], "texture": "#0"},
				"east": {"uv": [0.125, 6.75, 3.375, 10.25], "texture": "#0"},
				"south": {"uv": [8.625, 6.75, 10.625, 10.25], "texture": "#0"},
				"west": {"uv": [5.375, 6.75, 8.625, 10.25], "texture": "#0"},
				"up": {"uv": [5.375, 6.75, 3.375, 0.25], "texture": "#0"},
				"down": {"uv": [7.375, 0.25, 5.375, 6.75], "texture": "#0"}
			}
		},
		{
			"name": "mane",
			"from": [8, 10, -4.5],
			"to": [8, 20, 14.5],
			"rotation": {"angle": 0, "axis": "y", "origin": [8, 0, 0]},
			"faces": {
				"north": {"uv": [13.625, 13, 13.625, 15.5], "texture": "#0"},
				"east": {"uv": [11.25, 13, 13.625, 15.5], "texture": "#0"},
				"south": {"uv": [16, 13, 16, 15.5], "texture": "#0"},
				"west": {"uv": [13.625, 13, 16, 15.5], "texture": "#0"},
				"up": {"uv": [13.625, 13, 13.625, 8.25], "texture": "#0"},
				"down": {"uv": [13.625, 8.25, 13.625, 13], "texture": "#0"}
			}
		},
		{
			"name": "front_left_leg",
			"from": [-11, 2, 3.5],
			"to": [3, 8, 9.5],
			"rotation": {"angle": 22.5, "axis": "z", "origin": [8, 0, 0]},
			"faces": {
				"north": {"uv": [5.875, 12, 6.625, 15.5], "rotation": 270, "texture": "#0"},
				"east": {"uv": [6.625, 12, 5.875, 10.5], "rotation": 90, "texture": "#0"},
				"south": {"uv": [7.375, 12, 8.125, 15.5], "rotation": 90, "texture": "#0"},
				"west": {"uv": [7.375, 10.5, 6.625, 12], "rotation": 90, "texture": "#0"},
				"up": {"uv": [6.625, 12, 7.375, 15.5], "rotation": 90, "texture": "#0"},
				"down": {"uv": [5.125, 12, 5.875, 15.5], "rotation": 90, "texture": "#0"}
			}
		},
		{
			"name": "front_right_leg",
			"from": [12, 2, 3.5],
			"to": [26, 8, 9.5],
			"rotation": {"angle": -22.5, "axis": "z", "origin": [8, 0, 0]},
			"faces": {
				"north": {"uv": [9, 12, 9.75, 15.5], "rotation": 90, "texture": "#0"},
				"east": {"uv": [10.5, 10.5, 9.75, 12], "rotation": 270, "texture": "#0"},
				"south": {"uv": [10.5, 12, 11.25, 15.5], "rotation": 270, "texture": "#0"},
				"west": {"uv": [9.75, 12, 9, 10.5], "rotation": 270, "texture": "#0"},
				"up": {"uv": [8.25, 12, 9, 15.5], "rotation": 270, "texture": "#0"},
				"down": {"uv": [9.75, 12, 10.5, 15.5], "rotation": 270, "texture": "#0"}
			}
		},
		{
			"name": "back_left_leg",
			"from": [-8, 3, 22.5],
			"to": [3, 8, 27.5],
			"rotation": {"angle": 22.5, "axis": "z", "origin": [8, 0, 0]},
			"faces": {
				"north": {"uv": [0.625, 12.5, 1.25, 15.25], "rotation": 270, "texture": "#0"},
				"east": {"uv": [1.25, 12.5, 0.625, 11.25], "rotation": 90, "texture": "#0"},
				"south": {"uv": [1.875, 12.5, 2.5, 15.25], "rotation": 90, "texture": "#0"},
				"west": {"uv": [1.875, 11.25, 1.25, 12.5], "rotation": 90, "texture": "#0"},
				"up": {"uv": [1.25, 12.5, 1.875, 15.25], "rotation": 90, "texture": "#0"},
				"down": {"uv": [0, 12.5, 0.625, 15.25], "rotation": 90, "texture": "#0"}
			}
		},
		{
			"name": "back_right_leg",
			"from": [13, 3, 22.5],
			"to": [24, 8, 27.5],
			"rotation": {"angle": -22.5, "axis": "z", "origin": [8, 0, 0]},
			"faces": {
				"north": {"uv": [3.25, 12.5, 3.875, 15.25], "rotation": 90, "texture": "#0"},
				"east": {"uv": [4.5, 11.25, 3.875, 12.5], "rotation": 270, "texture": "#0"},
				"south": {"uv": [4.5, 12.5, 5.125, 15.25], "rotation": 270, "texture": "#0"},
				"west": {"uv": [3.875, 12.5, 3.25, 11.25], "rotation": 270, "texture": "#0"},
				"up": {"uv": [2.625, 12.5, 3.25, 15.25], "rotation": 270, "texture": "#0"},
				"down": {"uv": [3.875, 12.5, 4.5, 15.25], "rotation": 270, "texture": "#0"}
			}
		}
	],
	"display": {
		"gui": {
			"rotation": [19, -180, 0],
			"scale": [0.47, 0.47, 0.47]
		},
		"head": {
			"translation": [0, -25.25, -8.5],
			"scale": [1.61, 1.61, 1.61]
		},
		"fixed": {
			"translation": [0, 0, -6],
			"scale": [0.6, 0.6, 0.6]
		}
	},
	"groups": [
		{
			"name": "group",
			"origin": [8, 0, 0],
			"color": 0,
			"children": [0, 1, 2, 3, 4, 5, 6, 7, 8, 9, 10]
		}
	]
}