{
	"credit": "Made with Blockbench",
	"texture_size": [64, 32],
	"textures": {
		"0": "item/mobs/ocelot_d"
	},
	"elements": [
		{
			"name": "back_left_leg",
			"from": [9, -0.1, 14],
			"to": [15, 1.9, 16],
			"rotation": {"angle": 0, "axis": "y", "origin": [8, 8, 8]},
			"faces": {
				"north": {"uv": [2.5, 7.5, 3, 10.5], "rotation": 90, "texture": "#0"},
				"east": {"uv": [3.5, 6.5, 3, 7.5], "rotation": 270, "texture": "#0"},
				"south": {"uv": [3.5, 7.5, 4, 10.5], "rotation": 270, "texture": "#0"},
				"west": {"uv": [3, 7.5, 2.5, 6.5], "rotation": 270, "texture": "#0"},
				"up": {"uv": [2, 7.5, 2.5, 10.5], "rotation": 270, "texture": "#0"},
				"down": {"uv": [3, 7.5, 3.5, 10.5], "rotation": 270, "texture": "#0"}
			}
		},
		{
			"name": "back_right_leg",
			"from": [9, 2.1, 14],
			"to": [15, 4.1, 16],
			"rotation": {"angle": 0, "axis": "y", "origin": [8, 8, 8]},
			"faces": {
				"north": {"uv": [2.5, 7.5, 3, 10.5], "rotation": 90, "texture": "#0"},
				"east": {"uv": [3.5, 6.5, 3, 7.5], "rotation": 270, "texture": "#0"},
				"south": {"uv": [3.5, 7.5, 4, 10.5], "rotation": 270, "texture": "#0"},
				"west": {"uv": [3, 7.5, 2.5, 6.5], "rotation": 270, "texture": "#0"},
				"up": {"uv": [2, 7.5, 2.5, 10.5], "rotation": 270, "texture": "#0"},
				"down": {"uv": [3, 7.5, 3.5, 10.5], "rotation": 270, "texture": "#0"}
			}
		},
		{
			"name": "front_left_leg",
			"from": [5, -0.1, 3],
			"to": [15, 1.9, 5],
			"rotation": {"angle": 0, "axis": "y", "origin": [8, 8, 8]},
			"faces": {
				"north": {"uv": [10.5, 1, 11, 6], "rotation": 90, "texture": "#0"},
				"east": {"uv": [11.5, 0, 11, 1], "rotation": 270, "texture": "#0"},
				"south": {"uv": [11.5, 1, 12, 6], "rotation": 270, "texture": "#0"},
				"west": {"uv": [11, 1, 10.5, 0], "rotation": 270, "texture": "#0"},
				"up": {"uv": [10, 1, 10.5, 6], "rotation": 270, "texture": "#0"},
				"down": {"uv": [11, 1, 11.5, 6], "rotation": 270, "texture": "#0"}
			}
		},
		{
			"name": "front_right_leg",
			"from": [5, 2.1, 3],
			"to": [15, 4.1, 5],
			"rotation": {"angle": 0, "axis": "y", "origin": [8, 8, 8]},
			"faces": {
				"north": {"uv": [10.5, 1, 11, 6], "rotation": 90, "texture": "#0"},
				"east": {"uv": [11.5, 0, 11, 1], "rotation": 270, "texture": "#0"},
				"south": {"uv": [11.5, 1, 12, 6], "rotation": 270, "texture": "#0"},
				"west": {"uv": [11, 1, 10.5, 0], "rotation": 270, "texture": "#0"},
				"up": {"uv": [10, 1, 10.5, 6], "rotation": 270, "texture": "#0"},
				"down": {"uv": [11, 1, 11.5, 6], "rotation": 270, "texture": "#0"}
			}
		},
		{
			"name": "tail",
			"from": [5.5, 1.5, 17],
			"to": [13.5, 2.5, 18],
			"rotation": {"angle": 0, "axis": "y", "origin": [8, 8, 8]},
			"faces": {
				"north": {"uv": [0.25, 8, 0.5, 12], "rotation": 90, "texture": "#0"},
				"east": {"uv": [0.75, 7.5, 0.5, 8], "rotation": 270, "texture": "#0"},
				"south": {"uv": [0.75, 8, 1, 12], "rotation": 270, "texture": "#0"},
				"west": {"uv": [0.5, 8, 0.25, 7.5], "rotation": 270, "texture": "#0"},
				"up": {"uv": [0, 8, 0.25, 12], "rotation": 270, "texture": "#0"},
				"down": {"uv": [0.5, 8, 0.75, 12], "rotation": 270, "texture": "#0"}
			}
		},
		{
			"name": "tail2",
			"from": [15.1, 4, 17],
			"to": [23.1, 5, 18],
			"rotation": {"angle": -22.5, "axis": "z", "origin": [8, 8, 8]},
			"faces": {
				"north": {"uv": [1.25, 8, 1.5, 12], "rotation": 90, "texture": "#0"},
				"east": {"uv": [1.75, 7.5, 1.5, 8], "rotation": 270, "texture": "#0"},
				"south": {"uv": [1.75, 8, 2, 12], "rotation": 270, "texture": "#0"},
				"west": {"uv": [1.5, 8, 1.25, 7.5], "rotation": 270, "texture": "#0"},
				"up": {"uv": [1, 8, 1.25, 12], "rotation": 270, "texture": "#0"},
				"down": {"uv": [1.5, 8, 1.75, 12], "rotation": 270, "texture": "#0"}
			}
		},
		{
			"name": "head",
			"from": [4, 2.5, -4],
			"to": [8, 7.5, 1],
			"rotation": {"angle": -22.5, "axis": "x", "origin": [8, 8, 8]},
			"faces": {
				"north": {"uv": [1.25, 2.5, 2.5, 4.5], "rotation": 90, "texture": "#0"},
				"east": {"uv": [3.75, 0, 2.5, 2.5], "rotation": 270, "texture": "#0"},
				"south": {"uv": [3.75, 2.5, 5, 4.5], "rotation": 270, "texture": "#0"},
				"west": {"uv": [2.5, 2.5, 1.25, 0], "rotation": 270, "texture": "#0"},
				"up": {"uv": [0, 2.5, 1.25, 4.5], "rotation": 270, "texture": "#0"},
				"down": {"uv": [2.5, 2.5, 3.75, 4.5], "rotation": 270, "texture": "#0"}
			}
		},
		{
			"name": "head",
			"from": [5.98, 3.5, -5],
			"to": [7.98, 6.5, -3],
			"rotation": {"angle": -22.5, "axis": "x", "origin": [8, 8, 8]},
			"faces": {
				"north": {"uv": [0.5, 13, 1.25, 14], "rotation": 90, "texture": "#0"},
				"east": {"uv": [2, 12, 1.25, 13], "rotation": 270, "texture": "#0"},
				"south": {"uv": [1.75, 13, 2.5, 14], "rotation": 270, "texture": "#0"},
				"west": {"uv": [1.25, 13, 0.5, 12], "rotation": 270, "texture": "#0"},
				"up": {"uv": [0, 13, 0.5, 14], "rotation": 270, "texture": "#0"},
				"down": {"uv": [1.25, 13, 1.75, 14], "rotation": 270, "texture": "#0"}
			}
		},
		{
			"name": "head",
			"from": [3, 6, -1],
			"to": [4, 7, 1],
			"rotation": {"angle": -22.5, "axis": "x", "origin": [8, 8, 8]},
			"faces": {
				"north": {"uv": [0.5, 6, 0.75, 6.5], "rotation": 90, "texture": "#0"},
				"east": {"uv": [1, 5, 0.75, 6], "rotation": 270, "texture": "#0"},
				"south": {"uv": [1.25, 6, 1.5, 6.5], "rotation": 270, "texture": "#0"},
				"west": {"uv": [0.75, 6, 0.5, 5], "rotation": 270, "texture": "#0"},
				"up": {"uv": [0, 6, 0.5, 6.5], "rotation": 270, "texture": "#0"},
				"down": {"uv": [0.75, 6, 1.25, 6.5], "rotation": 270, "texture": "#0"}
			}
		},
		{
			"name": "head",
			"from": [3, 3, -1],
			"to": [4, 4, 1],
			"rotation": {"angle": -22.5, "axis": "x", "origin": [8, 8, 8]},
			"faces": {
				"north": {"uv": [2, 6, 2.25, 6.5], "rotation": 90, "texture": "#0"},
				"east": {"uv": [2.5, 5, 2.25, 6], "rotation": 270, "texture": "#0"},
				"south": {"uv": [2.75, 6, 3, 6.5], "rotation": 270, "texture": "#0"},
				"west": {"uv": [2.25, 6, 2, 5], "rotation": 270, "texture": "#0"},
				"up": {"uv": [1.5, 6, 2, 6.5], "rotation": 270, "texture": "#0"},
				"down": {"uv": [2.25, 6, 2.75, 6.5], "rotation": 270, "texture": "#0"}
			}
		},
		{
			"name": "rotation",
			"from": [4.9, 0, 1],
			"to": [10.9, 4, 17],
			"rotation": {"angle": 0, "axis": "y", "origin": [8, 8, 8]},
			"faces": {
				"north": {"uv": [7.5, 3, 6.5, 0], "rotation": 270, "texture": "#0"},
				"east": {"uv": [6.5, 3, 7.5, 11], "rotation": 90, "texture": "#0"},
				"south": {"uv": [8.5, 0, 7.5, 3], "rotation": 270, "texture": "#0"},
				"west": {"uv": [9, 3, 10, 11], "rotation": 270, "texture": "#0"},
				"up": {"uv": [5, 3, 6.5, 11], "texture": "#0"},
				"down": {"uv": [7.5, 3, 9, 11], "rotation": 180, "texture": "#0"}
			}
		}
	],
	"display": {
		"head": {
			"translation": [-1, -28.75, -2.75],
			"scale": [1.61, 1.61, 1.61]
		}
	},
	"groups": [
		{
			"name": "group",
			"origin": [0, 0, 0],
			"color": 0,
			"children": [
				{
					"name": "back_left_leg",
					"origin": [1.1, 6, 5],
					"color": 0,
					"children": [0]
				},
				{
					"name": "back_right_leg",
					"origin": [-1.1, 6, 5],
					"color": 0,
					"children": [1]
				},
				{
					"name": "front_left_leg",
					"origin": [1.1, 10, -5],
					"color": 0,
					"children": [2]
				},
				{
					"name": "front_right_leg",
					"origin": [-1.1, 10, -5],
					"color": 0,
					"children": [3]
				},
				{
					"name": "tail",
					"origin": [0, 9.5, 9],
					"color": 0,
					"children": [4]
				},
				{
					"name": "tail2",
					"origin": [0, 1.5, 9],
					"color": 0,
					"children": [5]
				},
				{
					"name": "head",
					"origin": [0, 9, -9],
					"color": 0,
					"children": [6, 7, 8, 9]
				},
				{
					"name": "body",
					"origin": [0, 18, 6.1],
					"color": 0,
					"children": [
						{
							"name": "rotation",
							"origin": [0, 7, 1],
							"color": 0,
							"children": [10]
						}
					]
				}
			]
		}
	]
}