{
	"credit": "Made with Blockbench",
	"texture_size": [64, 64],
	"textures": {
		"0": "item/mobs/panda_d"
	},
	"elements": [
		{
			"name": "leg1",
			"from": [15.5, 6, 9],
			"to": [21.5, 12, 18],
			"rotation": {"angle": -22.5, "axis": "x", "origin": [0, 9, 18]},
			"faces": {
				"north": {"uv": [14.5, 0, 13, 1.5], "rotation": 180, "texture": "#0"},
				"east": {"uv": [10, 1.5, 11.5, 3.75], "rotation": 270, "texture": "#0"},
				"south": {"uv": [13, 1.5, 11.5, 0], "texture": "#0"},
				"west": {"uv": [13, 1.5, 14.5, 3.75], "rotation": 90, "texture": "#0"},
				"up": {"uv": [11.5, 1.5, 13, 3.75], "rotation": 180, "texture": "#0"},
				"down": {"uv": [14.5, 1.5, 16, 3.75], "texture": "#0"}
			}
		},
		{
			"name": "leg2",
			"from": [-5.5, 6, 9],
			"to": [0.5, 12, 18],
			"rotation": {"angle": -22.5, "axis": "x", "origin": [0, 9, 18]},
			"faces": {
				"north": {"uv": [14.5, 0, 13, 1.5], "rotation": 180, "texture": "#0"},
				"east": {"uv": [10, 1.5, 11.5, 3.75], "rotation": 270, "texture": "#0"},
				"south": {"uv": [13, 1.5, 11.5, 0], "texture": "#0"},
				"west": {"uv": [13, 1.5, 14.5, 3.75], "rotation": 90, "texture": "#0"},
				"up": {"uv": [11.5, 1.5, 13, 3.75], "rotation": 180, "texture": "#0"},
				"down": {"uv": [14.5, 1.5, 16, 3.75], "texture": "#0"}
			}
		},
		{
			"name": "leg3",
			"from": [15.5, 6, -9],
			"to": [21.5, 12, 0],
			"rotation": {"angle": -22.5, "axis": "x", "origin": [0, 9, 0]},
			"faces": {
				"north": {"uv": [14.5, 0, 13, 1.5], "rotation": 180, "texture": "#0"},
				"east": {"uv": [10, 1.5, 11.5, 3.75], "rotation": 270, "texture": "#0"},
				"south": {"uv": [13, 1.5, 11.5, 0], "texture": "#0"},
				"west": {"uv": [13, 1.5, 14.5, 3.75], "rotation": 90, "texture": "#0"},
				"up": {"uv": [11.5, 1.5, 13, 3.75], "rotation": 180, "texture": "#0"},
				"down": {"uv": [14.5, 1.5, 16, 3.75], "texture": "#0"}
			}
		},
		{
			"name": "rotation",
			"from": [-1.5, 8.5, -4],
			"to": [17.5, 21.5, 22],
			"faces": {
				"north": {"uv": [12.75, 6.25, 8, 9.5], "rotation": 180, "texture": "#0"},
				"east": {"uv": [0, 9.5, 3.25, 16], "rotation": 270, "texture": "#0"},
				"south": {"uv": [8, 9.5, 3.25, 6.25], "texture": "#0"},
				"west": {"uv": [8, 9.5, 11.25, 16], "rotation": 90, "texture": "#0"},
				"up": {"uv": [3.25, 9.5, 8, 16], "rotation": 180, "texture": "#0"},
				"down": {"uv": [11.25, 9.5, 16, 16], "texture": "#0"}
			}
		},
		{
			"name": "leg4",
			"from": [-5.5, 6, -9],
			"to": [0.5, 12, 0],
			"rotation": {"angle": -22.5, "axis": "x", "origin": [0, 9, 0]},
			"faces": {
				"north": {"uv": [14.5, 0, 13, 1.5], "rotation": 180, "texture": "#0"},
				"east": {"uv": [10, 1.5, 11.5, 3.75], "rotation": 270, "texture": "#0"},
				"south": {"uv": [13, 1.5, 11.5, 0], "texture": "#0"},
				"west": {"uv": [13, 1.5, 14.5, 3.75], "rotation": 90, "texture": "#0"},
				"up": {"uv": [11.5, 1.5, 13, 3.75], "rotation": 180, "texture": "#0"},
				"down": {"uv": [14.5, 1.5, 16, 3.75], "texture": "#0"}
			}
		},
		{
			"name": "head",
			"from": [1.5, 8.5, -13],
			"to": [14.5, 18.5, -4],
			"faces": {
				"north": {"uv": [2.25, 3.75, 5.5, 6.25], "texture": "#0"},
				"east": {"uv": [0, 3.75, 2.25, 6.25], "texture": "#0"},
				"south": {"uv": [7.75, 3.75, 11, 6.25], "texture": "#0"},
				"west": {"uv": [5.5, 3.75, 7.75, 6.25], "texture": "#0"},
				"up": {"uv": [5.5, 3.75, 2.25, 1.5], "texture": "#0"},
				"down": {"uv": [8.75, 1.5, 5.5, 3.75], "texture": "#0"}
			}
		},
		{
			"name": "head",
			"from": [4.5, 8.5, -15],
			"to": [11.5, 13.5, -13],
			"faces": {
				"north": {"uv": [11.75, 4.5, 13.5, 5.75], "texture": "#0"},
				"east": {"uv": [11.25, 4.5, 11.75, 5.75], "texture": "#0"},
				"south": {"uv": [14, 4.5, 15.75, 5.75], "texture": "#0"},
				"west": {"uv": [13.5, 4.5, 14, 5.75], "texture": "#0"},
				"up": {"uv": [13.5, 4.5, 11.75, 4], "texture": "#0"},
				"down": {"uv": [15.25, 4, 13.5, 4.5], "texture": "#0"}
			}
		},
		{
			"name": "head",
			"from": [11.5, 17.5, -10],
			"to": [16.5, 21.5, -9],
			"faces": {
				"north": {"uv": [13.25, 6.5, 14.5, 7.5], "texture": "#0"},
				"east": {"uv": [13, 6.5, 13.25, 7.5], "texture": "#0"},
				"south": {"uv": [14.75, 6.5, 16, 7.5], "texture": "#0"},
				"west": {"uv": [14.5, 6.5, 14.75, 7.5], "texture": "#0"},
				"up": {"uv": [14.5, 6.5, 13.25, 6.25], "texture": "#0"},
				"down": {"uv": [15.75, 6.25, 14.5, 6.5], "texture": "#0"}
			}
		},
		{
			"name": "head",
			"from": [-0.5, 17.5, -10],
			"to": [4.5, 21.5, -9],
			"faces": {
				"north": {"uv": [13.25, 6.5, 14.5, 7.5], "texture": "#0"},
				"east": {"uv": [13, 6.5, 13.25, 7.5], "texture": "#0"},
				"south": {"uv": [14.75, 6.5, 16, 7.5], "texture": "#0"},
				"west": {"uv": [14.5, 6.5, 14.75, 7.5], "texture": "#0"},
				"up": {"uv": [14.5, 6.5, 13.25, 6.25], "texture": "#0"},
				"down": {"uv": [15.75, 6.25, 14.5, 6.5], "texture": "#0"}
			}
		}
	],
	"display": {
		"head": {
			"translation": [0, -38.75, 0],
			"scale": [1.61, 1.61, 1.61]
		}
	},
	"groups": [
		{
			"name": "group",
			"origin": [8, 8, 8],
			"color": 0,
			"children": [
				{
					"name": "leg1",
					"origin": [-5.5, 9, 9],
					"color": 0,
					"children": [0]
				},
				{
					"name": "leg2",
					"origin": [5.5, 9, 9],
					"color": 0,
					"children": [1]
				},
				{
					"name": "leg3",
					"origin": [-5.5, 9, -9],
					"color": 0,
					"children": [2]
				},
				{
					"name": "body",
					"origin": [0, 14, 0],
					"color": 0,
					"children": [
						3,
						{
							"name": "leg4",
							"origin": [5.5, 9, -9],
							"color": 0,
							"children": [4]
						}
					]
				},
				{
					"name": "head",
					"origin": [0, 12.5, -17],
					"color": 0,
					"children": [5, 6, 7, 8]
				}
			]
		}
	]
}