{
	"credit": "Made with Blockbench",
	"texture_size": [64, 32],
	"textures": {
		"0": "item/mobs/pig_dead"
	},
	"elements": [
		{
			"name": "leg4",
			"from": [0, 0, 1],
			"to": [6, 4, 5],
			"rotation": {"angle": 0, "axis": "z", "origin": [0, 6, 1]},
			"faces": {
				"north": {"uv": [1, 10, 2, 13], "rotation": 270, "texture": "#0"},
				"east": {"uv": [2, 10, 1, 8], "rotation": 90, "texture": "#0"},
				"south": {"uv": [3, 10, 4, 13], "rotation": 90, "texture": "#0"},
				"west": {"uv": [3, 8, 2, 10], "rotation": 90, "texture": "#0"},
				"up": {"uv": [2, 10, 3, 13], "rotation": 90, "texture": "#0"},
				"down": {"uv": [0, 10, 1, 13], "rotation": 90, "texture": "#0"}
			}
		},
		{
			"name": "leg3",
			"from": [1, 3.5, 1.2],
			"to": [7, 7.5, 5.2],
			"rotation": {"angle": 22.5, "axis": "z", "origin": [0, 6, 1]},
			"faces": {
				"north": {"uv": [1, 10, 2, 13], "rotation": 270, "texture": "#0"},
				"east": {"uv": [2, 10, 1, 8], "rotation": 90, "texture": "#0"},
				"south": {"uv": [3, 10, 4, 13], "rotation": 90, "texture": "#0"},
				"west": {"uv": [3, 8, 2, 10], "rotation": 90, "texture": "#0"},
				"up": {"uv": [2, 10, 3, 13], "rotation": 90, "texture": "#0"},
				"down": {"uv": [0, 10, 1, 13], "rotation": 90, "texture": "#0"}
			}
		},
		{
			"name": "leg2",
			"from": [0, 0, 13],
			"to": [6, 4, 17],
			"rotation": {"angle": 0, "axis": "z", "origin": [0, 6, 1]},
			"faces": {
				"north": {"uv": [1, 10, 2, 13], "rotation": 270, "texture": "#0"},
				"east": {"uv": [2, 10, 1, 8], "rotation": 90, "texture": "#0"},
				"south": {"uv": [3, 10, 4, 13], "rotation": 90, "texture": "#0"},
				"west": {"uv": [3, 8, 2, 10], "rotation": 90, "texture": "#0"},
				"up": {"uv": [2, 10, 3, 13], "rotation": 90, "texture": "#0"},
				"down": {"uv": [0, 10, 1, 13], "rotation": 90, "texture": "#0"}
			}
		},
		{
			"name": "leg1",
			"from": [1, 3.5, 12.9],
			"to": [7, 7.5, 16.9],
			"rotation": {"angle": 22.5, "axis": "z", "origin": [0, 6, 1]},
			"faces": {
				"north": {"uv": [1, 10, 2, 13], "rotation": 270, "texture": "#0"},
				"east": {"uv": [2, 10, 1, 8], "rotation": 90, "texture": "#0"},
				"south": {"uv": [3, 10, 4, 13], "rotation": 90, "texture": "#0"},
				"west": {"uv": [3, 8, 2, 10], "rotation": 90, "texture": "#0"},
				"up": {"uv": [2, 10, 3, 13], "rotation": 90, "texture": "#0"},
				"down": {"uv": [0, 10, 1, 13], "rotation": 90, "texture": "#0"}
			}
		},
		{
			"name": "head",
			"from": [8, 0, -6],
			"to": [16, 8, 2],
			"rotation": {"angle": 0, "axis": "z", "origin": [0, 6, 1]},
			"faces": {
				"north": {"uv": [2, 4, 4, 8], "rotation": 270, "texture": "#0"},
				"east": {"uv": [4, 4, 2, 0], "rotation": 90, "texture": "#0"},
				"south": {"uv": [6, 4, 8, 8], "rotation": 90, "texture": "#0"},
				"west": {"uv": [6, 0, 4, 4], "rotation": 90, "texture": "#0"},
				"up": {"uv": [4, 4, 6, 8], "rotation": 90, "texture": "#0"},
				"down": {"uv": [0, 4, 2, 8], "rotation": 90, "texture": "#0"}
			}
		},
		{
			"name": "head",
			"from": [9, 2, -7],
			"to": [12, 6, -6],
			"rotation": {"angle": 0, "axis": "z", "origin": [0, 6, 1]},
			"faces": {
				"north": {"uv": [4.25, 8.5, 5.25, 10], "rotation": 270, "texture": "#0"},
				"east": {"uv": [5.25, 8.5, 4.25, 8], "rotation": 90, "texture": "#0"},
				"south": {"uv": [5.5, 8.5, 6.5, 10], "rotation": 90, "texture": "#0"},
				"west": {"uv": [6.25, 8, 5.25, 8.5], "rotation": 90, "texture": "#0"},
				"up": {"uv": [5.25, 8.5, 5.5, 10], "rotation": 90, "texture": "#0"},
				"down": {"uv": [4, 8.5, 4.25, 10], "rotation": 90, "texture": "#0"}
			}
		},
		{
			"name": "body",
			"from": [6, 0, 1],
			"to": [14, 10, 17],
			"rotation": {"angle": 0, "axis": "z", "origin": [0, 6, 1]},
			"faces": {
				"north": {"uv": [14, 4, 11.5, 8], "rotation": 90, "texture": "#0"},
				"east": {"uv": [13.5, 8, 16, 16], "rotation": 270, "texture": "#0"},
				"south": {"uv": [11.5, 8, 9, 4], "rotation": 90, "texture": "#0"},
				"west": {"uv": [9, 8, 11.5, 16], "rotation": 90, "texture": "#0"},
				"up": {"uv": [11.5, 8, 13.5, 16], "rotation": 180, "texture": "#0"},
				"down": {"uv": [7, 8, 9, 16], "texture": "#0"}
			}
		}
	],
	"display": {
		"head": {
			"translation": [0, -30.5, 0],
			"scale": [1.61, 1.61, 1.61]
		}
	},
	"groups": [
		{
			"name": "group",
			"origin": [8, 8, 8],
			"color": 0,
			"children": [
				{
					"name": "leg4",
					"origin": [-3, 6, -5],
					"color": 0,
					"children": [0]
				},
				{
					"name": "leg3",
					"origin": [3, 6, -5],
					"color": 0,
					"children": [1]
				},
				{
					"name": "leg2",
					"origin": [-3, 6, 7],
					"color": 0,
					"children": [2]
				},
				{
					"name": "leg1",
					"origin": [3, 6, 7],
					"color": 0,
					"children": [3]
				},
				{
					"name": "head",
					"origin": [0, 12, -6],
					"color": 0,
					"children": [4, 5]
				},
				{
					"name": "body",
					"origin": [0, 13, 2],
					"color": 0,
					"children": [6]
				}
			]
		}
	]
}