{
	"credit": "Made with Blockbench",
	"texture_size": [64, 64],
	"textures": {
		"0": "item/pig_w"
	},
	"elements": [
		{
			"name": "Left Leg",
			"from": [4.4, -1.6201, 5.97574],
			"to": [7.4, 2.3799, 11.97574],
			"rotation": {"angle": 0, "axis": "y", "origin": [5.9, 0.35165, 5.96612]},
			"faces": {
				"north": {"uv": [6, 12, 5, 13], "rotation": 180, "texture": "#0"},
				"east": {"uv": [4, 13, 5, 14.5], "rotation": 270, "texture": "#0"},
				"south": {"uv": [9, 5, 8, 4], "texture": "#0"},
				"west": {"uv": [6, 13, 7, 14.5], "rotation": 90, "texture": "#0"},
				"up": {"uv": [5, 13, 6, 14.5], "rotation": 180, "texture": "#0"},
				"down": {"uv": [7, 13, 8, 14.5], "texture": "#0"}
			}
		},
		{
			"name": "Left Leg",
			"from": [4.4, -1.6766, -0.0435],
			"to": [7.4, 2.3234, 5.9565],
			"rotation": {"angle": 0, "axis": "y", "origin": [5.9, 0.35165, 5.96612]},
			"faces": {
				"north": {"uv": [7, 12, 6, 13], "rotation": 180, "texture": "#0"},
				"east": {"uv": [4, 14.5, 5, 16], "rotation": 270, "texture": "#0"},
				"south": {"uv": [6, 13, 5, 12], "texture": "#0"},
				"west": {"uv": [6, 14.5, 7, 16], "rotation": 90, "texture": "#0"},
				"up": {"uv": [5, 14.5, 6, 16], "rotation": 180, "texture": "#0"},
				"down": {"uv": [7, 14.5, 8, 16], "texture": "#0"}
			}
		},
		{
			"name": "Right Leg",
			"from": [8.6, -1.6, 6],
			"to": [11.6, 2.4, 12],
			"rotation": {"angle": 0, "axis": "y", "origin": [10.1, 0.35, 6]},
			"faces": {
				"north": {"uv": [1, 5, 2, 4], "rotation": 90, "texture": "#0"},
				"east": {"uv": [0, 5, 1, 6.5], "rotation": 270, "texture": "#0"},
				"south": {"uv": [8, 5, 7, 4], "texture": "#0"},
				"west": {"uv": [2, 5, 3, 6.5], "rotation": 90, "texture": "#0"},
				"up": {"uv": [1, 5, 2, 6.5], "rotation": 180, "texture": "#0"},
				"down": {"uv": [3, 5, 4, 6.5], "texture": "#0"}
			}
		},
		{
			"name": "Right Leg",
			"from": [8.6, -1.7, 0],
			"to": [11.6, 2.3, 6],
			"rotation": {"angle": 0, "axis": "y", "origin": [10.1, 0.35, 6]},
			"faces": {
				"north": {"uv": [3, 4, 2, 5], "rotation": 180, "texture": "#0"},
				"east": {"uv": [0, 6.5, 1, 8], "rotation": 270, "texture": "#0"},
				"south": {"uv": [2, 5, 1, 4], "texture": "#0"},
				"west": {"uv": [2, 6.5, 3, 8], "rotation": 90, "texture": "#0"},
				"up": {"uv": [1, 6.5, 2, 8], "rotation": 180, "texture": "#0"},
				"down": {"uv": [3, 6.5, 4, 8], "texture": "#0"}
			}
		},
		{
			"name": "Left Arm",
			"from": [1.7, 7.99142, 17.49142],
			"to": [4.7, 14.99142, 21.49142],
			"rotation": {"angle": 22.5, "axis": "z", "origin": [4.22782, 7.95, 11.74142]},
			"faces": {
				"north": {"uv": [11, 13, 11.75, 14.75], "rotation": 180, "texture": "#0"},
				"east": {"uv": [8, 13, 9, 14.75], "rotation": 180, "texture": "#0"},
				"south": {"uv": [9, 13, 9.75, 14.75], "rotation": 180, "texture": "#0"},
				"west": {"uv": [10, 13, 11, 14.75], "rotation": 180, "texture": "#0"},
				"up": {"uv": [11, 12, 10, 13], "texture": "#0"},
				"down": {"uv": [10, 13, 9, 12], "texture": "#0"}
			}
		},
		{
			"name": "Left Arm",
			"from": [1.71612, 12.91525, 17.39142],
			"to": [4.71612, 19.91525, 21.39142],
			"rotation": {"angle": 22.5, "axis": "z", "origin": [4.22782, 7.95, 11.74142]},
			"faces": {
				"north": {"uv": [11, 14.25, 11.75, 16], "rotation": 180, "texture": "#0"},
				"east": {"uv": [8, 14.25, 9, 16], "rotation": 180, "texture": "#0"},
				"south": {"uv": [9, 14.25, 9.75, 16], "rotation": 180, "texture": "#0"},
				"west": {"uv": [10, 14.25, 11, 16], "rotation": 180, "texture": "#0"},
				"up": {"uv": [11, 12, 10, 13], "texture": "#0"},
				"down": {"uv": [10, 13, 9, 12], "texture": "#0"}
			}
		},
		{
			"name": "Left Arm",
			"from": [11.38388, 12.51525, 17.59142],
			"to": [14.38388, 19.51525, 21.59142],
			"rotation": {"angle": -22.5, "axis": "z", "origin": [12.47218, 7.95, 11.74142]},
			"faces": {
				"north": {"uv": [11.75, 14.25, 11, 16], "rotation": 180, "texture": "#0"},
				"east": {"uv": [10, 16, 11, 14.25], "texture": "#0"},
				"south": {"uv": [9.75, 14.25, 9, 16], "rotation": 180, "texture": "#0"},
				"west": {"uv": [8, 16, 9, 14.25], "texture": "#0"},
				"up": {"uv": [10, 12, 11, 13], "texture": "#0"},
				"down": {"uv": [9, 13, 10, 12], "texture": "#0"}
			}
		},
		{
			"name": "Left Arm",
			"from": [11.4, 7.59142, 17.69142],
			"to": [14.4, 14.59142, 21.69142],
			"rotation": {"angle": -22.5, "axis": "z", "origin": [12.47218, 7.95, 11.74142]},
			"faces": {
				"north": {"uv": [11.75, 13, 11, 14.75], "rotation": 180, "texture": "#0"},
				"east": {"uv": [10, 14.75, 11, 13], "texture": "#0"},
				"south": {"uv": [9.75, 13, 9, 14.75], "rotation": 180, "texture": "#0"},
				"west": {"uv": [8, 14.75, 9, 13], "texture": "#0"},
				"up": {"uv": [10, 12, 11, 13], "texture": "#0"},
				"down": {"uv": [9, 13, 10, 12], "texture": "#0"}
			}
		},
		{
			"name": "Body",
			"from": [4, -1, 14],
			"to": [12, 11, 18],
			"rotation": {"angle": 45, "axis": "x", "origin": [8, 5.41158, 15.68527]},
			"faces": {
				"north": {"uv": [5, 5, 7, 8], "texture": "#0"},
				"east": {"uv": [4, 5, 5, 8], "texture": "#0"},
				"south": {"uv": [8, 5, 10, 8], "texture": "#0"},
				"west": {"uv": [7, 5, 8, 8], "texture": "#0"},
				"up": {"uv": [7, 5, 5, 4], "texture": "#0"},
				"down": {"uv": [9, 4, 7, 5], "texture": "#0"}
			}
		},
		{
			"name": "Body",
			"from": [3.5, -6, 13.5],
			"to": [12.5, 2, 18.5],
			"rotation": {"angle": 45, "axis": "x", "origin": [8, 5.41158, 15.68527]},
			"faces": {
				"north": {"uv": [1.25, 9, 3.5, 12], "texture": "#0"},
				"east": {"uv": [0, 9, 1.25, 12], "texture": "#0"},
				"south": {"uv": [4.75, 9, 7, 12], "texture": "#0"},
				"west": {"uv": [3.5, 9, 4.75, 12], "texture": "#0"},
				"up": {"uv": [10, 10.25, 7, 9], "texture": "#0"},
				"down": {"uv": [13, 9, 10, 10.25], "texture": "#0"}
			}
		},
		{
			"name": "Head",
			"from": [4, 14.3, 17.5],
			"to": [12, 22.3, 25.5],
			"rotation": {"angle": 45, "axis": "x", "origin": [8, 14.65, 14.5]},
			"faces": {
				"north": {"uv": [2, 2, 4, 4], "texture": "#0"},
				"east": {"uv": [0, 2, 2, 4], "texture": "#0"},
				"south": {"uv": [6, 2, 8, 4], "texture": "#0"},
				"west": {"uv": [4, 2, 6, 4], "texture": "#0"},
				"up": {"uv": [4, 2, 2, 0], "texture": "#0"},
				"down": {"uv": [6, 0, 4, 2], "texture": "#0"}
			}
		},
		{
			"name": "Hat Layer",
			"from": [3.5, 10.22673, 10.53679],
			"to": [12.5, 19.22673, 19.53679],
			"rotation": {"angle": 45, "axis": "x", "origin": [8, 4.81158, 16.18527]},
			"faces": {
				"north": {"uv": [10, 2, 12, 4], "texture": "#0"},
				"east": {"uv": [8, 2, 10, 4], "texture": "#0"},
				"south": {"uv": [14, 2, 16, 4], "texture": "#0"},
				"west": {"uv": [12, 2, 14, 4], "texture": "#0"},
				"up": {"uv": [12, 2, 10, 0], "texture": "#0"},
				"down": {"uv": [14, 0, 12, 2], "texture": "#0"}
			}
		}
	],
	"display": {
		"thirdperson_righthand": {
			"scale": [0.35, 0.35, 0.35]
		},
		"thirdperson_lefthand": {
			"scale": [0.37, 0.37, 0.37]
		},
		"firstperson_righthand": {
			"scale": [0.33, 0.33, 0.33]
		},
		"firstperson_lefthand": {
			"scale": [0.27, 0.27, 0.27]
		},
		"ground": {
			"scale": [0.2, 0.2, 0.2]
		},
		"gui": {
			"rotation": [-28, 169, 37],
			"scale": [0.31, 0.31, 0.31]
		},
		"head": {
			"translation": [0, -15.75, -1],
			"scale": [1.61, 1.61, 1.61]
		},
		"fixed": {
			"rotation": [-90, 0, 0],
			"translation": [0, 0, -59.75],
			"scale": [2.03, 2.03, 2.03]
		}
	},
	"groups": [
		{
			"name": "group",
			"origin": [8, 8, 8],
			"color": 0,
			"children": [
				{
					"name": "LeftLeg",
					"origin": [-1.9, 12, 0],
					"color": 0,
					"children": [0, 1]
				},
				{
					"name": "RightLeg",
					"origin": [1.9, 12, 0],
					"color": 0,
					"children": [2, 3]
				},
				{
					"name": "LeftArm",
					"origin": [-5, 22, 0],
					"color": 0,
					"children": [4, 5, 6, 7]
				},
				{
					"name": "RightArm",
					"origin": [5, 22, 0],
					"color": 0,
					"children": []
				},
				{
					"name": "Body",
					"origin": [0, 24, 0],
					"color": 0,
					"children": [8, 9]
				},
				{
					"name": "Head",
					"origin": [0, 24, 0],
					"color": 0,
					"children": [10, 11]
				}
			]
		}
	]
}