{
	"credit": "Made with Blockbench",
	"parent": "gold_nugget",
	"texture_size": [16, 16],
	"textures": {
		"0": "item/amscoin",
		"1": "item/amscoin_back",
		"particle": "item/amscoin"
	},
	"elements": [
		{
			"name": "1",
			"from": [7.8, 0, 1],
			"to": [9, 4, 2],
			"faces": {
				"north": {"uv": [1, 6, 2, 10], "texture": "#0"},
				"east": {"uv": [1, 6, 2, 10], "texture": "#0"},
				"south": {"uv": [1, 6, 2, 10], "texture": "#0"},
				"west": {"uv": [1, 6, 2, 10], "texture": "#0"},
				"up": {"uv": [1, 6, 2, 7], "texture": "#0"},
				"down": {"uv": [1, 9, 2, 10], "texture": "#0"}
			}
		},
		{
			"name": "13",
			"from": [7.8, -5, 6],
			"to": [9, -4, 8],
			"faces": {
				"north": {"uv": [6, 14, 8, 15], "texture": "#0"},
				"east": {"uv": [6, 14, 8, 15], "texture": "#0"},
				"south": {"uv": [6, 14, 8, 15], "texture": "#0"},
				"west": {"uv": [6, 14, 8, 15], "texture": "#0"},
				"up": {"uv": [6, 14, 8, 15], "texture": "#0"},
				"down": {"uv": [6, 14, 8, 15], "texture": "#0"}
			}
		},
		{
			"name": "12",
			"from": [7.8, -4, 4],
			"to": [9, -3, 6],
			"faces": {
				"north": {"uv": [4, 13, 6, 14], "texture": "#0"},
				"east": {"uv": [4, 13, 6, 14], "texture": "#0"},
				"south": {"uv": [4, 13, 6, 14], "texture": "#0"},
				"west": {"uv": [4, 13, 6, 14], "texture": "#0"},
				"up": {"uv": [4, 13, 6, 14], "texture": "#0"},
				"down": {"uv": [4, 13, 6, 14], "texture": "#0"}
			}
		},
		{
			"name": "11",
			"from": [7.8, -3, 3],
			"to": [9, -2, 4],
			"faces": {
				"north": {"uv": [3, 12, 4, 13], "texture": "#0"},
				"east": {"uv": [3, 12, 4, 13], "texture": "#0"},
				"south": {"uv": [3, 12, 4, 13], "texture": "#0"},
				"west": {"uv": [3, 12, 4, 13], "texture": "#0"},
				"up": {"uv": [3, 12, 4, 13], "texture": "#0"},
				"down": {"uv": [3, 12, 4, 13], "texture": "#0"}
			}
		},
		{
			"name": "10",
			"from": [7.8, 8, 6],
			"to": [9, 9, 8],
			"faces": {
				"north": {"uv": [6, 1, 8, 2], "texture": "#0"},
				"east": {"uv": [6, 1, 8, 2], "texture": "#0"},
				"south": {"uv": [6, 1, 8, 2], "texture": "#0"},
				"west": {"uv": [6, 1, 8, 2], "texture": "#0"},
				"up": {"uv": [6, 1, 8, 2], "texture": "#0"},
				"down": {"uv": [6, 1, 8, 2], "texture": "#0"}
			}
		},
		{
			"name": "9",
			"from": [7.8, 7, 4],
			"to": [9, 8, 6],
			"faces": {
				"north": {"uv": [4, 2, 6, 3], "texture": "#0"},
				"east": {"uv": [4, 2, 6, 3], "texture": "#0"},
				"south": {"uv": [4, 2, 6, 3], "texture": "#0"},
				"west": {"uv": [4, 2, 6, 3], "texture": "#0"},
				"up": {"uv": [4, 2, 6, 3], "texture": "#0"},
				"down": {"uv": [4, 2, 6, 3], "texture": "#0"}
			}
		},
		{
			"name": "8",
			"from": [7.8, 6, 3],
			"to": [9, 7, 4],
			"faces": {
				"north": {"uv": [3, 3, 4, 4], "texture": "#0"},
				"east": {"uv": [3, 3, 4, 4], "texture": "#0"},
				"south": {"uv": [3, 3, 4, 4], "texture": "#0"},
				"west": {"uv": [3, 3, 4, 4], "texture": "#0"},
				"up": {"uv": [3, 3, 4, 4], "texture": "#0"},
				"down": {"uv": [3, 3, 4, 4], "texture": "#0"}
			}
		},
		{
			"name": "7",
			"from": [8, -4, 6],
			"to": [8.8, 8, 8],
			"faces": {
				"north": {"uv": [6, 2, 8, 14], "texture": "#0"},
				"east": {"uv": [8, 2, 10, 14], "texture": "#1"},
				"south": {"uv": [6, 2, 8, 14], "texture": "#0"},
				"west": {"uv": [6, 2, 8, 14], "texture": "#0"},
				"up": {"uv": [6, 2, 8, 3], "texture": "#0"},
				"down": {"uv": [6, 13, 8, 14], "texture": "#0"}
			}
		},
		{
			"name": "6",
			"from": [8, -3, 4],
			"to": [8.8, 7, 6],
			"faces": {
				"north": {"uv": [4, 3, 6, 13], "texture": "#0"},
				"east": {"uv": [10, 3, 12, 13], "texture": "#1"},
				"south": {"uv": [4, 3, 6, 13], "texture": "#0"},
				"west": {"uv": [4, 3, 6, 13], "texture": "#0"},
				"up": {"uv": [4, 3, 6, 4], "texture": "#0"},
				"down": {"uv": [4, 12, 6, 13], "texture": "#0"}
			}
		},
		{
			"name": "5",
			"from": [8, -2, 3],
			"to": [8.8, 6, 4],
			"faces": {
				"north": {"uv": [3, 4, 4, 12], "texture": "#0"},
				"east": {"uv": [12, 4, 13, 12], "texture": "#1"},
				"south": {"uv": [3, 4, 4, 12], "texture": "#0"},
				"west": {"uv": [3, 4, 4, 12], "texture": "#0"},
				"up": {"uv": [3, 4, 4, 5], "texture": "#0"},
				"down": {"uv": [3, 11, 4, 12], "texture": "#0"}
			}
		},
		{
			"name": "4",
			"from": [7.8, 4, 2],
			"to": [9, 6, 3],
			"faces": {
				"north": {"uv": [2, 4, 3, 6], "texture": "#0"},
				"east": {"uv": [2, 4, 3, 6], "texture": "#0"},
				"south": {"uv": [2, 4, 3, 6], "texture": "#0"},
				"west": {"uv": [2, 4, 3, 6], "texture": "#0"},
				"up": {"uv": [2, 4, 3, 5], "texture": "#0"},
				"down": {"uv": [2, 5, 3, 6], "texture": "#0"}
			}
		},
		{
			"name": "3",
			"from": [7.8, -2, 2],
			"to": [9, 0, 3],
			"faces": {
				"north": {"uv": [2, 10, 3, 12], "texture": "#0"},
				"east": {"uv": [2, 10, 3, 12], "texture": "#0"},
				"south": {"uv": [2, 10, 3, 12], "texture": "#0"},
				"west": {"uv": [2, 10, 3, 12], "texture": "#0"},
				"up": {"uv": [2, 10, 3, 11], "texture": "#0"},
				"down": {"uv": [2, 11, 3, 12], "texture": "#0"}
			}
		},
		{
			"name": "2",
			"from": [8, 0, 2],
			"to": [8.8, 4, 3],
			"faces": {
				"north": {"uv": [2, 6, 3, 10], "texture": "#0"},
				"east": {"uv": [13, 6, 14, 10], "texture": "#1"},
				"south": {"uv": [2, 6, 3, 10], "texture": "#0"},
				"west": {"uv": [2, 6, 3, 10], "texture": "#0"},
				"up": {"uv": [2, 6, 3, 7], "texture": "#0"},
				"down": {"uv": [2, 9, 3, 10], "texture": "#0"}
			}
		},
		{
			"name": "2",
			"from": [7.8, 0, 14],
			"to": [9, 4, 15],
			"rotation": {"angle": 0, "axis": "y", "origin": [0, 0, 16]},
			"faces": {
				"north": {"uv": [2, 6, 1, 10], "texture": "#0"},
				"east": {"uv": [2, 6, 1, 10], "texture": "#0"},
				"south": {"uv": [2, 6, 1, 10], "texture": "#0"},
				"west": {"uv": [2, 6, 1, 10], "texture": "#0"},
				"up": {"uv": [1, 7, 2, 6], "texture": "#0"},
				"down": {"uv": [1, 10, 2, 9], "texture": "#0"}
			}
		},
		{
			"name": "14",
			"from": [7.8, -5, 8],
			"to": [9, -4, 10],
			"rotation": {"angle": 0, "axis": "y", "origin": [0, 0, 16]},
			"faces": {
				"north": {"uv": [8, 14, 6, 15], "texture": "#0"},
				"east": {"uv": [8, 14, 6, 15], "texture": "#0"},
				"south": {"uv": [8, 14, 6, 15], "texture": "#0"},
				"west": {"uv": [8, 14, 6, 15], "texture": "#0"},
				"up": {"uv": [6, 15, 8, 14], "texture": "#0"},
				"down": {"uv": [6, 15, 8, 14], "texture": "#0"}
			}
		},
		{
			"name": "13",
			"from": [7.8, -4, 10],
			"to": [9, -3, 12],
			"rotation": {"angle": 0, "axis": "y", "origin": [0, 0, 16]},
			"faces": {
				"north": {"uv": [6, 13, 4, 14], "texture": "#0"},
				"east": {"uv": [6, 13, 4, 14], "texture": "#0"},
				"south": {"uv": [6, 13, 4, 14], "texture": "#0"},
				"west": {"uv": [6, 13, 4, 14], "texture": "#0"},
				"up": {"uv": [4, 14, 6, 13], "texture": "#0"},
				"down": {"uv": [4, 14, 6, 13], "texture": "#0"}
			}
		},
		{
			"name": "12",
			"from": [7.8, -3, 12],
			"to": [9, -2, 13],
			"rotation": {"angle": 0, "axis": "y", "origin": [0, 0, 16]},
			"faces": {
				"north": {"uv": [4, 12, 3, 13], "texture": "#0"},
				"east": {"uv": [4, 12, 3, 13], "texture": "#0"},
				"south": {"uv": [4, 12, 3, 13], "texture": "#0"},
				"west": {"uv": [4, 12, 3, 13], "texture": "#0"},
				"up": {"uv": [3, 13, 4, 12], "texture": "#0"},
				"down": {"uv": [3, 13, 4, 12], "texture": "#0"}
			}
		},
		{
			"name": "11",
			"from": [7.8, 8, 8],
			"to": [9, 9, 10],
			"rotation": {"angle": 0, "axis": "y", "origin": [0, 0, 16]},
			"faces": {
				"north": {"uv": [8, 1, 6, 2], "texture": "#0"},
				"east": {"uv": [8, 1, 6, 2], "texture": "#0"},
				"south": {"uv": [8, 1, 6, 2], "texture": "#0"},
				"west": {"uv": [8, 1, 6, 2], "texture": "#0"},
				"up": {"uv": [6, 2, 8, 1], "texture": "#0"},
				"down": {"uv": [6, 2, 8, 1], "texture": "#0"}
			}
		},
		{
			"name": "10",
			"from": [7.8, 7, 10],
			"to": [9, 8, 12],
			"rotation": {"angle": 0, "axis": "y", "origin": [0, 0, 16]},
			"faces": {
				"north": {"uv": [6, 2, 4, 3], "texture": "#0"},
				"east": {"uv": [6, 2, 4, 3], "texture": "#0"},
				"south": {"uv": [6, 2, 4, 3], "texture": "#0"},
				"west": {"uv": [6, 2, 4, 3], "texture": "#0"},
				"up": {"uv": [4, 3, 6, 2], "texture": "#0"},
				"down": {"uv": [4, 3, 6, 2], "texture": "#0"}
			}
		},
		{
			"name": "9",
			"from": [7.8, 6, 12],
			"to": [9, 7, 13],
			"rotation": {"angle": 0, "axis": "y", "origin": [0, 0, 16]},
			"faces": {
				"north": {"uv": [4, 3, 3, 4], "texture": "#0"},
				"east": {"uv": [4, 3, 3, 4], "texture": "#0"},
				"south": {"uv": [4, 3, 3, 4], "texture": "#0"},
				"west": {"uv": [4, 3, 3, 4], "texture": "#0"},
				"up": {"uv": [3, 4, 4, 3], "texture": "#0"},
				"down": {"uv": [3, 4, 4, 3], "texture": "#0"}
			}
		},
		{
			"name": "8",
			"from": [8, -4, 8],
			"to": [8.8, 8, 10],
			"rotation": {"angle": 0, "axis": "y", "origin": [0, 0, 16]},
			"faces": {
				"north": {"uv": [8, 2, 6, 14], "texture": "#0"},
				"east": {"uv": [10, 2, 8, 14], "texture": "#1"},
				"south": {"uv": [8, 2, 6, 14], "texture": "#0"},
				"west": {"uv": [8, 2, 6, 14], "texture": "#0"},
				"up": {"uv": [6, 3, 8, 2], "texture": "#0"},
				"down": {"uv": [6, 14, 8, 13], "texture": "#0"}
			}
		},
		{
			"name": "7",
			"from": [8, -3, 10],
			"to": [8.8, 7, 12],
			"rotation": {"angle": 0, "axis": "y", "origin": [0, 0, 16]},
			"faces": {
				"north": {"uv": [6, 3, 4, 13], "texture": "#0"},
				"east": {"uv": [12, 3, 10, 13], "texture": "#1"},
				"south": {"uv": [6, 3, 4, 13], "texture": "#0"},
				"west": {"uv": [6, 3, 4, 13], "texture": "#0"},
				"up": {"uv": [4, 4, 6, 3], "texture": "#0"},
				"down": {"uv": [4, 13, 6, 12], "texture": "#0"}
			}
		},
		{
			"name": "6",
			"from": [8, -2, 12],
			"to": [8.8, 6, 13],
			"rotation": {"angle": 0, "axis": "y", "origin": [0, 0, 16]},
			"faces": {
				"north": {"uv": [4, 4, 3, 12], "texture": "#0"},
				"east": {"uv": [13, 4, 12, 12], "texture": "#1"},
				"south": {"uv": [4, 4, 3, 12], "texture": "#0"},
				"west": {"uv": [4, 4, 3, 12], "texture": "#0"},
				"up": {"uv": [3, 5, 4, 4], "texture": "#0"},
				"down": {"uv": [3, 12, 4, 11], "texture": "#0"}
			}
		},
		{
			"name": "5",
			"from": [7.8, 4, 13],
			"to": [9, 6, 14],
			"rotation": {"angle": 0, "axis": "y", "origin": [0, 0, 16]},
			"faces": {
				"north": {"uv": [3, 4, 2, 6], "texture": "#0"},
				"east": {"uv": [3, 4, 2, 6], "texture": "#0"},
				"south": {"uv": [3, 4, 2, 6], "texture": "#0"},
				"west": {"uv": [3, 4, 2, 6], "texture": "#0"},
				"up": {"uv": [2, 5, 3, 4], "texture": "#0"},
				"down": {"uv": [2, 6, 3, 5], "texture": "#0"}
			}
		},
		{
			"name": "4",
			"from": [7.8, -2, 13],
			"to": [9, 0, 14],
			"rotation": {"angle": 0, "axis": "y", "origin": [0, 0, 16]},
			"faces": {
				"north": {"uv": [3, 10, 2, 12], "texture": "#0"},
				"east": {"uv": [3, 10, 2, 12], "texture": "#0"},
				"south": {"uv": [3, 10, 2, 12], "texture": "#0"},
				"west": {"uv": [3, 10, 2, 12], "texture": "#0"},
				"up": {"uv": [2, 11, 3, 10], "texture": "#0"},
				"down": {"uv": [2, 12, 3, 11], "texture": "#0"}
			}
		},
		{
			"name": "3",
			"from": [8, 0, 13],
			"to": [8.8, 4, 14],
			"rotation": {"angle": 0, "axis": "y", "origin": [0, 0, 16]},
			"faces": {
				"north": {"uv": [3, 6, 2, 10], "texture": "#0"},
				"east": {"uv": [14, 6, 13, 10], "texture": "#1"},
				"south": {"uv": [3, 6, 2, 10], "texture": "#0"},
				"west": {"uv": [3, 6, 2, 10], "texture": "#0"},
				"up": {"uv": [2, 7, 3, 6], "texture": "#0"},
				"down": {"uv": [2, 10, 3, 9], "texture": "#0"}
			}
		}
	],
	"display": {
		"thirdperson_righthand": {
			"rotation": [0, 58, 0],
			"translation": [0, 1.75, 0],
			"scale": [0.17, 0.17, 0.17]
		},
		"thirdperson_lefthand": {
			"rotation": [0, -115, 0],
			"translation": [0, 1.5, 0],
			"scale": [0.17, 0.17, 0.17]
		},
		"firstperson_righthand": {
			"translation": [0.5, 5, 0.75],
			"scale": [0.45, 0.45, 0.45]
		},
		"firstperson_lefthand": {
			"rotation": [0, -154, 0],
			"translation": [2.25, 4.25, 0],
			"scale": [0.45, 0.45, 0.45]
		},
		"ground": {
			"rotation": [0, -35, 0],
			"translation": [0, 2.25, 0],
			"scale": [0.25, 0.25, 0.25]
		},
		"gui": {
			"rotation": [0, 109, -13],
			"translation": [0, 6.25, 0]
		},
		"head": {
			"rotation": [0, -89, 0],
			"translation": [0, 5.75, -7.5]
		},
		"fixed": {
			"rotation": [0, -90, 0],
			"translation": [0, 6.25, -1]
		}
	},
	"groups": [
		{
			"name": "group",
			"origin": [0, 0, 0],
			"color": 0,
			"children": [0, 1, 2, 3, 4, 5, 6, 7, 8, 9, 10, 11, 12]
		},
		{
			"name": "group",
			"origin": [0, 0, 0],
			"color": 0,
			"children": [13, 14, 15, 16, 17, 18, 19, 20, 21, 22, 23, 24, 25]
		}
	]
}