{
	"parent": "item/generated",
	"textures": {
		"layer0": "item/blaze_rod"},

	"overrides": [
		{ "predicate": {"custom_model_data":4064}, "model": "item/mobs/villager_head"},
		{ "predicate": {"custom_model_data":4065}, "model": "item/mobs/mimik"},
		{ "predicate": {"custom_model_data":4066}, "model": "item/piglionboss/piglionbossleggsidle"},
		{ "predicate": {"custom_model_data":4067}, "model": "item/piglionboss/piglionbossbody"},
		{ "predicate": {"custom_model_data":4068}, "model": "item/piglionboss/piglinbosshead"},
		{ "predicate": {"custom_model_data":4069}, "model": "item/piglionboss/piglionbosshand"},
		{ "predicate": {"custom_model_data":4070}, "model": "item/lock/lock1"},
		{ "predicate": {"custom_model_data":4071}, "model": "item/lock/lock2"},
		{ "predicate": {"custom_model_data":4072}, "model": "item/lock/lock3"},
		{ "predicate": {"custom_model_data":4073}, "model": "item/lock/lock4"},
		{ "predicate": {"custom_model_data":4074}, "model": "item/lock/lock5"},
		{ "predicate": {"custom_model_data":4075}, "model": "item/lock/lock6"},
		{ "predicate": {"custom_model_data":4076}, "model": "item/lock/lock7"},
		{ "predicate": {"custom_model_data":4077}, "model": "item/lock/lock8"},
		{ "predicate": {"custom_model_data":4078}, "model": "item/lock/lock9"},
		{ "predicate": {"custom_model_data":4079}, "model": "item/lock/lock10"},
		{ "predicate": {"custom_model_data":4080}, "model": "item/lock/lock11"},
		{ "predicate": {"custom_model_data":4081}, "model": "item/lock/lock12"},
		{ "predicate": {"custom_model_data":4082}, "model": "item/lich_king_crown"},
		{ "predicate": {"custom_model_data":4083}, "model": "item/lich_king_staff"},
		{ "predicate": {"custom_model_data":4084}, "model": "item/key/key1"},
		{ "predicate": {"custom_model_data":4085}, "model": "item/key/key2"},
		{ "predicate": {"custom_model_data":4086}, "model": "item/key/key3"},
		{ "predicate": {"custom_model_data":4087}, "model": "item/key/key4"},
		{ "predicate": {"custom_model_data":4088}, "model": "item/key/key5"},
		{ "predicate": {"custom_model_data":4089}, "model": "item/key/key6"},
		{ "predicate": {"custom_model_data":4090}, "model": "item/key/key7"},
		{ "predicate": {"custom_model_data":4091}, "model": "item/key/key8"},
		{ "predicate": {"custom_model_data":4092}, "model": "item/key/key9"},
		{ "predicate": {"custom_model_data":4093}, "model": "item/key/key10"},
		{ "predicate": {"custom_model_data":4094}, "model": "item/key/key11"},
		{ "predicate": {"custom_model_data":4095}, "model": "item/key/key12"},
		{ "predicate": {"custom_model_data":4096}, "model": "item/Lock"},
		{ "predicate": {"custom_model_data":4097}, "model": "item/ankha"},
		{ "predicate": {"custom_model_data":4098}, "model": "item/column"},
		{ "predicate": {"custom_model_data":4099}, "model": "item/piglionboss/pigboss_l"},
		{ "predicate": {"custom_model_data":4100}, "model": "item/piglionboss/pigboss_b"},
		{ "predicate": {"custom_model_data":4101}, "model": "item/piglionboss/pigboss_h"},
		{ "predicate": {"custom_model_data":4102}, "model": "item/piglionboss/pahan_stay"},
		{ "predicate": {"custom_model_data":4104}, "model": "item/beer_pomp"},
		{ "predicate": {"custom_model_data":4107}, "model": "item/water_pomp"},
		{ "predicate": {"custom_model_data":4108}, "model": "item/alcohol_bar"},
		{ "predicate": {"custom_model_data":4109}, "model": "item/piggi/r/piggi"},
		{ "predicate": {"custom_model_data":4110}, "model": "item/piggi/r/piggi_2"},
		{ "predicate": {"custom_model_data":4111}, "model": "item/piggi/r/piggi_3"},
		{ "predicate": {"custom_model_data":4112}, "model": "item/piggi/r/piggi_4"},
		{ "predicate": {"custom_model_data":4113}, "model": "item/piggi/r/piggi_5"},
		{ "predicate": {"custom_model_data":4114}, "model": "item/piggi/r/piggi_6"},
		{ "predicate": {"custom_model_data":4115}, "model": "item/piggi/g/piggi"},
		{ "predicate": {"custom_model_data":4116}, "model": "item/piggi/g/piggi_2"},
		{ "predicate": {"custom_model_data":4117}, "model": "item/piggi/g/piggi_3"},
		{ "predicate": {"custom_model_data":4118}, "model": "item/piggi/g/piggi_4"},
		{ "predicate": {"custom_model_data":4119}, "model": "item/piggi/g/piggi_5"},
		{ "predicate": {"custom_model_data":4120}, "model": "item/piggi/g/piggi_6"},
		{ "predicate": {"custom_model_data":4121}, "model": "item/piggi/b/piggi"},
		{ "predicate": {"custom_model_data":4122}, "model": "item/piggi/b/piggi_2"},
		{ "predicate": {"custom_model_data":4123}, "model": "item/piggi/b/piggi_3"},
		{ "predicate": {"custom_model_data":4124}, "model": "item/piggi/b/piggi_4"},
		{ "predicate": {"custom_model_data":4125}, "model": "item/piggi/b/piggi_5"},
		{ "predicate": {"custom_model_data":4126}, "model": "item/piggi/b/piggi_6"},
		{ "predicate": {"custom_model_data":4127}, "model": "item/holy_fire"}
	]

}
