{
	"parent": "item/generated",
	"textures": {
		"layer0": "item/book"
	},
	"overrides": [
		{ "predicate": {"custom_model_data":668}, "model": "item/magic_book"},
		{ "predicate": {"custom_model_data":669}, "model": "item/magic_book_ready"},
		{ "predicate": {"custom_model_data":670}, "model": "item/magic_book_steady"},
		{ "predicate": {"custom_model_data":671}, "model": "item/magic_book_go"},
		{ "predicate": {"custom_model_data":4269}, "model": "item/golemhead"},
		{ "predicate": {"custom_model_data":5000}, "model": "item/minotaur"},
		{ "predicate": {"custom_model_data":5001}, "model": "item/stairs2"},
		{ "predicate": {"custom_model_data":5002}, "model": "item/stairs3"},
		{ "predicate": {"custom_model_data":5003}, "model": "item/magic_book"},
		{ "predicate": {"custom_model_data":5004}, "model": "item/ench"}
	]
}