{
	"credit": "Made with Blockbench",
	"parent": "block/cube_all",
	"textures": {
		"particle": "#top"
	},
	"elements": [
		{
			"from": [0, 0, 0],
			"to": [16, 14, 16],
			"faces": {
				"north": {"uv": [0, 2, 16, 16], "texture": "#side", "cullface": "north"},
				"east": {"uv": [0, 2, 16, 16], "texture": "#side", "cullface": "east"},
				"south": {"uv": [0, 2, 16, 16], "texture": "#side", "cullface": "south"},
				"west": {"uv": [0, 2, 16, 16], "texture": "#side", "cullface": "west"},
				"up": {"uv": [0, 0, 16, 16], "texture": "#top"},
				"down": {"uv": [0, 0, 16, 16], "texture": "#bottom", "cullface": "down"}
			}
		}
	],
	"display": {
		"fixed": {
			"rotation": [-90, 0, 0],
			"translation": [0, 0, -16.075],
			"scale": [2.001, 2.001, 2.001]
		}
	}
}