{
	"credit": "Made with Blockbench",
	"textures": {
		"3": "block/caly_furnace_front",
		"4": "block/caly_furnace_side",
		"5": "block/caly_furnace_top"
	},
	"elements": [
		{
			"from": [0, 0, 0],
			"to": [16, 16, 16],
			"faces": {
				"north": {"uv": [0, 0, 16, 16], "texture": "#3"},
				"east": {"uv": [0, 0, 16, 16], "texture": "#4"},
				"south": {"uv": [0, 0, 16, 16], "texture": "#4"},
				"west": {"uv": [0, 0, 16, 16], "texture": "#4"},
				"up": {"uv": [0, 0, 16, 16], "texture": "#5"},
				"down": {"uv": [0, 0, 16, 16], "texture": "#5"}
			}
		}
	],
	"display": {
		"thirdperson_righthand": {
			"rotation": [0, 82, 72],
			"scale": [0.24, 0.25, 0.25]
		},
		"thirdperson_lefthand": {
			"rotation": [48, 1, 0],
			"scale": [0.28, 0.28, 0.28]
		},
		"firstperson_righthand": {
			"scale": [0.28, 0.28, 0.29]
		},
		"firstperson_lefthand": {
			"scale": [0.25, 0.25, 0.26]
		},
		"ground": {
			"scale": [0.3, 0.3, 0.3]
		},
		"gui": {
			"rotation": [22, 154, 0],
			"scale": [0.68, 0.68, 0.69]
		},
		"head": {
			"translation": [0, -4.75, 0],
			"scale": [1.61, 1.61, 1.61]
		},
		"fixed": {
			"translation": [0, 0, 16],
			"scale": [2.001, 2.001, 2.001]
		}
	}
}