{
	"parent": "item/generated",
	"textures": {
		"layer0": "item/porkchop"
	},

	"overrides": [
		{ "predicate": {"custom_model_data":1000}, "model": "item/mobs/aminal_death_bodies/pig_d"},
		{ "predicate": {"custom_model_data":1001}, "model": "item/mobs/aminal_death_bodies/pig_d2"},
		{ "predicate": {"custom_model_data":1002}, "model": "item/mobs/aminal_death_bodies/horse_d"},
		{ "predicate": {"custom_model_data":1003}, "model": "item/mobs/aminal_death_bodies/horse_d2"},
		{ "predicate": {"custom_model_data":1004}, "model": "item/mobs/aminal_death_bodies/fox_d"},
		{ "predicate": {"custom_model_data":1005}, "model": "item/mobs/aminal_death_bodies/fox_d2"},
		{ "predicate": {"custom_model_data":1006}, "model": "item/mobs/aminal_death_bodies/hoglin_d"},
		{ "predicate": {"custom_model_data":1007}, "model": "item/mobs/aminal_death_bodies/hoglin_d2"},
		{ "predicate": {"custom_model_data":1009}, "model": "item/mobs/meats/cooked_hoglin_porkchop"},
		{ "predicate": {"custom_model_data":1010}, "model": "item/mobs/aminal_death_bodies/polar_bear_d"},
		{ "predicate": {"custom_model_data":1011}, "model": "item/mobs/aminal_death_bodies/polar_bear_d2"},
		{ "predicate": {"custom_model_data":1013}, "model": "item/mobs/meats/cooked_polar_bear_porkchop"},
		{ "predicate": {"custom_model_data":1014}, "model": "item/mobs/aminal_death_bodies/panda_d"},
		{ "predicate": {"custom_model_data":1015}, "model": "item/mobs/aminal_death_bodies/panda_d2"},
		{ "predicate": {"custom_model_data":1017}, "model": "item/mobs/meats/cooked_panda_porkchop"},
		{ "predicate": {"custom_model_data":1019}, "model": "item/mobs/meats/cooked_wolf_meat"},
		{ "predicate": {"custom_model_data":1020}, "model": "item/mobs/aminal_death_bodies/wolf_d"},
		{ "predicate": {"custom_model_data":1021}, "model": "item/mobs/aminal_death_bodies/wolf_d2"}
	]
}