{
	"credit": "Made with Blockbench",
	"texture_size": [32, 32],
	"textures": {
		"0": "item/glass_jar",
		"1": "item/tanned_leather",
		"particle": "item/glass_jar"
	},
	"elements": [
		{
			"from": [6.5, 0, 6.5],
			"to": [9.5, 0.25, 9.5],
			"faces": {
				"north": {"uv": [4.5, 8, 7.5, 9], "texture": "#0"},
				"east": {"uv": [4.5, 5, 7.5, 6], "texture": "#0"},
				"south": {"uv": [4.5, 7, 7.5, 8], "texture": "#0"},
				"west": {"uv": [4.5, 6, 7.5, 7], "texture": "#0"},
				"up": {"uv": [0, 2, 3, 5], "texture": "#0"},
				"down": {"uv": [5.5, 0, 8.5, 3], "texture": "#0"}
			}
		},
		{
			"from": [6.5, 0.25, 6.5],
			"to": [9.5, 5.25, 9.5],
			"faces": {
				"north": {"uv": [5.5, 4, 7, 6.5], "texture": "#1"},
				"east": {"uv": [5.5, 4, 7, 6.5], "texture": "#1"},
				"south": {"uv": [5.5, 4, 7, 6.5], "texture": "#1"},
				"west": {"uv": [5.5, 4, 7, 6.5], "texture": "#1"},
				"up": {"uv": [9, 3.5, 10.5, 5], "texture": "#1"},
				"down": {"uv": [11.5, 9.5, 13, 11], "texture": "#1"}
			}
		},
		{
			"from": [6.5, 0, 9.5],
			"to": [9.5, 7, 10.5],
			"rotation": {"angle": 0, "axis": "y", "origin": [8, 0, 8]},
			"faces": {
				"north": {"uv": [2, 2, 3.5, 5.5], "texture": "#0"},
				"east": {"uv": [2, 2, 2.5, 5.5], "texture": "#0"},
				"south": {"uv": [2, 2, 3.5, 5.5], "texture": "#0"},
				"west": {"uv": [2, 2, 2.5, 5.5], "texture": "#0"},
				"up": {"uv": [0, 0, 0.5, 1.5], "rotation": 90, "texture": "#0"},
				"down": {"uv": [0, 0, 0.5, 1.5], "rotation": 270, "texture": "#0"}
			}
		},
		{
			"from": [6.5, 0, 5.5],
			"to": [9.5, 7, 6.5],
			"rotation": {"angle": 0, "axis": "y", "origin": [8, 0, 8]},
			"faces": {
				"north": {"uv": [2, 2, 3.5, 5.5], "texture": "#0"},
				"east": {"uv": [2, 2, 2.5, 5.5], "texture": "#0"},
				"south": {"uv": [2, 2, 3.5, 5.5], "texture": "#0"},
				"west": {"uv": [2, 2, 2.5, 5.5], "texture": "#0"},
				"up": {"uv": [0, 0, 0.5, 1.5], "rotation": 270, "texture": "#0"},
				"down": {"uv": [0, 0, 0.5, 1.5], "rotation": 90, "texture": "#0"}
			}
		},
		{
			"from": [9.5, 0, 6.5],
			"to": [10.5, 7, 9.5],
			"rotation": {"angle": 0, "axis": "y", "origin": [8, 0, 8]},
			"faces": {
				"north": {"uv": [2, 2, 2.5, 5.5], "texture": "#0"},
				"east": {"uv": [2, 2, 3.5, 5.5], "texture": "#0"},
				"south": {"uv": [2, 2, 2.5, 5.5], "texture": "#0"},
				"west": {"uv": [2, 2, 3.5, 5.5], "texture": "#0"},
				"up": {"uv": [0, 0, 0.5, 1.5], "texture": "#0"},
				"down": {"uv": [0, 0, 0.5, 1.5], "texture": "#0"}
			}
		},
		{
			"from": [5.5, 0, 6.5],
			"to": [6.5, 7, 9.5],
			"rotation": {"angle": 0, "axis": "y", "origin": [8, 0, 8]},
			"faces": {
				"north": {"uv": [2, 2, 2.5, 5.5], "texture": "#0"},
				"east": {"uv": [2, 2, 3.5, 5.5], "texture": "#0"},
				"south": {"uv": [2, 2, 2.5, 5.5], "texture": "#0"},
				"west": {"uv": [2, 2, 3.5, 5.5], "texture": "#0"},
				"up": {"uv": [0, 0, 0.5, 1.5], "rotation": 180, "texture": "#0"},
				"down": {"uv": [0, 0, 0.5, 1.5], "rotation": 180, "texture": "#0"}
			}
		},
		{
			"from": [7.5, 1, 2.5],
			"to": [8.5, 2, 5.5],
			"rotation": {"angle": 0, "axis": "y", "origin": [8.5, 3.5, 3]},
			"faces": {
				"north": {"uv": [0.5, 1, 1, 1.5], "texture": "#0"},
				"east": {"uv": [0.5, 1, 2, 1.5], "texture": "#0"},
				"south": {"uv": [5, 7, 6, 8], "texture": "#missing"},
				"west": {"uv": [0.5, 1, 2, 1.5], "texture": "#0"},
				"up": {"uv": [0.5, 1, 1, 2.5], "rotation": 180, "texture": "#0"},
				"down": {"uv": [0.5, 1, 1, 2.5], "rotation": 180, "texture": "#0"}
			}
		},
		{
			"from": [7.5, 5, 2.5],
			"to": [8.5, 6, 5.5],
			"rotation": {"angle": 0, "axis": "y", "origin": [8.5, 3.5, 3]},
			"faces": {
				"north": {"uv": [0.5, 1, 1, 1.5], "texture": "#0"},
				"east": {"uv": [0.5, 1, 2, 1.5], "texture": "#0"},
				"south": {"uv": [3.5, 5, 4.5, 6], "texture": "#missing"},
				"west": {"uv": [0.5, 1, 2, 1.5], "texture": "#0"},
				"up": {"uv": [0.5, 1, 1, 2.5], "rotation": 180, "texture": "#0"},
				"down": {"uv": [0.5, 1, 1, 2.5], "rotation": 180, "texture": "#0"}
			}
		},
		{
			"from": [7.5, 2, 2.5],
			"to": [8.5, 5, 3.5],
			"rotation": {"angle": 0, "axis": "x", "origin": [8.5, 5.5, 2]},
			"faces": {
				"north": {"uv": [0, 0, 0.5, 1.5], "rotation": 180, "texture": "#0"},
				"east": {"uv": [0, 0, 1.5, 0.5], "rotation": 270, "texture": "#0"},
				"south": {"uv": [0, 0, 0.5, 1.5], "texture": "#0"},
				"west": {"uv": [0, 0, 1.5, 0.5], "rotation": 90, "texture": "#0"},
				"up": {"uv": [0, 0, 0.5, 0.5], "rotation": 180, "texture": "#0"},
				"down": {"uv": [0, 0, 0.5, 0.5], "texture": "#0"}
			}
		}
	],
	"display": {
		"thirdperson_righthand": {
			"rotation": [51, -180, 0],
			"translation": [0, 5.5, 1.75]
		},
		"thirdperson_lefthand": {
			"rotation": [51, -180, 0],
			"translation": [0, 5.25, 1]
		},
		"firstperson_righthand": {
			"rotation": [0, -180, 0],
			"translation": [0, 3, 0]
		},
		"firstperson_lefthand": {
			"rotation": [0, -180, 0],
			"translation": [0, 2.75, 0]
		},
		"ground": {
			"translation": [0, 4.5, 0]
		},
		"gui": {
			"rotation": [29, -44, 0],
			"translation": [-0.75, 6.5, 0],
			"scale": [1.7, 1.7, 1.7]
		},
		"head": {
			"translation": [0, -18, 0],
			"scale": [1.67, 1.67, 1.67]
		},
		"fixed": {
			"rotation": [-90, 0, 0],
			"translation": [0, 0, -13],
			"scale": [1.61, 1.61, 1.61]
		}
	},
	"groups": [
		{
			"name": "group",
			"origin": [8.5, 5.5, 2],
			"color": 0,
			"children": [0, 1, 2, 3, 4, 5, 6, 7, 8]
		}
	]
}