{
	"credit": "Made with Blockbench",
	"parent": "netherite_sword",
	"texture_size": [7, 30],
	"textures": {
		"0": "item/guts_sword",
		"particle": "item/guts_sword"
	},
	"elements": [
		{
			"name": "handle",
			"from": [7.25, -13, 7.25],
			"to": [8.75, -3, 8.75],
			"faces": {
				"north": {"uv": [6.85714, 0, 9.04286, 3.70667], "texture": "#0"},
				"east": {"uv": [6.85714, 0, 9.04286, 3.70667], "texture": "#0"},
				"south": {"uv": [6.85714, 0, 9.1, 3.73333], "texture": "#0"},
				"west": {"uv": [6.85714, 0, 9.04286, 3.70667], "texture": "#0"},
				"up": {"uv": [0, 0, 1.5, 1.5], "texture": "#missing"},
				"down": {"uv": [6.85714, 0, 8.98571, 0.51333], "texture": "#0"}
			}
		},
		{
			"name": "handle",
			"from": [5, -1, 7.125],
			"to": [6, 23, 8.875],
			"faces": {
				"north": {"uv": [4.57143, 3.73333, 6.82857, 15.46667], "texture": "#0"},
				"east": {"uv": [4.57143, 3.73333, 7.57857, 15.46667], "texture": "#missing"},
				"south": {"uv": [4.57143, 3.73333, 6.82857, 15.46667], "texture": "#0"},
				"west": {"uv": [4.57143, 3.73333, 6.83571, 15.46667], "texture": "#0"},
				"up": {"uv": [4.57143, 3.73333, 6.82857, 4.27], "texture": "#0"},
				"down": {"uv": [0, 0, 1, 1.75], "texture": "#missing"}
			}
		},
		{
			"name": "handle",
			"from": [4, -2, 7.5],
			"to": [5, 22, 8.5],
			"faces": {
				"north": {"uv": [0, 4.28, 2.28571, 15.46667], "texture": "#0"},
				"east": {"uv": [0, 4.28, 2.28571, 15.46667], "texture": "#missing"},
				"south": {"uv": [0, 4.28, 2.28571, 15.46667], "texture": "#0"},
				"west": {"uv": [0, 4.28, 2.28571, 15.46667], "texture": "#0"},
				"up": {"uv": [0, 4.73333, 2.28571, 4.26667], "texture": "#0"},
				"down": {"uv": [13.71429, 2.66667, 16, 2.08], "texture": "#missing"}
			}
		},
		{
			"name": "handle",
			"from": [11, -2, 7.5],
			"to": [12, 22, 8.5],
			"faces": {
				"north": {"uv": [0, 4.26667, 2.25714, 15.46667], "texture": "#0"},
				"east": {"uv": [0, 4.26667, 2.25714, 15.46667], "texture": "#0"},
				"south": {"uv": [0, 4.32, 2.25714, 15.46667], "texture": "#0"},
				"west": {"uv": [0, 4.32, 2.37143, 15.46667], "texture": "#missing"},
				"up": {"uv": [0, 4.8, 2.25714, 4.26667], "texture": "#0"},
				"down": {"uv": [0, 3.73333, 2.37143, 1], "texture": "#missing"}
			}
		},
		{
			"name": "handle",
			"from": [10, -1, 7.125],
			"to": [11, 23, 8.875],
			"faces": {
				"north": {"uv": [11.42857, 3.73333, 13.68571, 14.93333], "rotation": 180, "texture": "#0"},
				"east": {"uv": [11.42857, 3.73333, 13.63571, 14.93333], "rotation": 180, "texture": "#0"},
				"south": {"uv": [11.42857, 3.73333, 13.68571, 14.93333], "rotation": 180, "texture": "#0"},
				"west": {"uv": [11.42857, 3.2, 14.43571, 14.93333], "rotation": 180, "texture": "#missing"},
				"up": {"uv": [11.45714, 14.93333, 13.71429, 14.39], "rotation": 180, "texture": "#0"},
				"down": {"uv": [13.74286, 2.66667, 16, 1.21667], "rotation": 180, "texture": "#missing"}
			}
		},
		{
			"name": "handle",
			"from": [6, 0, 7],
			"to": [7, 24, 9],
			"faces": {
				"north": {"uv": [2.28571, 3.73333, 4.54286, 14.93333], "texture": "#0"},
				"east": {"uv": [2.28571, 3.73333, 5.42857, 14.93333], "texture": "#missing"},
				"south": {"uv": [2.28571, 3.73333, 4.54286, 14.93333], "texture": "#0"},
				"west": {"uv": [2.28571, 3.73333, 4.51429, 14.93333], "texture": "#0"},
				"up": {"uv": [2.28571, 14.93333, 4.54286, 14.4], "texture": "#0"},
				"down": {"uv": [2.28571, 2.66667, 4.42857, 2], "texture": "#missing"}
			}
		},
		{
			"name": "handle",
			"from": [9, 0, 7],
			"to": [10, 24, 9],
			"faces": {
				"north": {"uv": [11.42857, 3.73333, 13.68571, 15.46667], "texture": "#0"},
				"east": {"uv": [11.42857, 3.73333, 13.54286, 15.46667], "texture": "#0"},
				"south": {"uv": [11.42857, 3.73333, 13.68571, 14.93333], "rotation": 180, "texture": "#0"},
				"west": {"uv": [11.42857, 3.73333, 14.68571, 15.46667], "texture": "#missing"},
				"up": {"uv": [11.42857, 3.73333, 13.57143, 4.29333], "texture": "#0"},
				"down": {"uv": [0, 0.53333, 1, 2], "texture": "#missing"}
			}
		},
		{
			"name": "handle",
			"from": [7, 1, 7],
			"to": [9, 25, 9],
			"faces": {
				"north": {"uv": [6.85714, 3.73333, 11.37143, 16], "rotation": 180, "texture": "#0"},
				"east": {"uv": [9.14286, 3.73333, 11.37143, 16], "texture": "#0"},
				"south": {"uv": [9.14286, 3.74667, 11.37143, 16], "texture": "#0"},
				"west": {"uv": [6.85714, 0, 9.08571, 16], "texture": "#0"},
				"up": {"uv": [6.85714, 15.46667, 11.37143, 16], "rotation": 270, "texture": "#0"},
				"down": {"uv": [0, 0, 2, 2], "texture": "#missing"}
			}
		},
		{
			"from": [7, 0, 6.75],
			"to": [9, 1, 9.25],
			"faces": {
				"north": {"uv": [4.57143, 3.73333, 4.28571, 4.73333], "texture": "#0"},
				"east": {"uv": [4.57143, 3.73333, 4.78571, 4.73333], "texture": "#0"},
				"south": {"uv": [4.57143, 3.73333, 4.28571, 4.73333], "texture": "#0"},
				"west": {"uv": [4.57143, 3.73333, 4.78571, 4.73333], "texture": "#0"},
				"up": {"uv": [4.57143, 3.73333, 4.28571, 6.23333], "texture": "#0"},
				"down": {"uv": [4.57143, 3.73333, 4.28571, 6.23333], "texture": "#0"}
			}
		},
		{
			"from": [6, -1, 6.75],
			"to": [10, 0, 9.25],
			"faces": {
				"north": {"uv": [4.57143, 3.73333, 6.28571, 4.73333], "texture": "#0"},
				"east": {"uv": [4.57143, 3.73333, 4.78571, 4.73333], "texture": "#0"},
				"south": {"uv": [4.57143, 3.73333, 6.28571, 4.73333], "texture": "#0"},
				"west": {"uv": [4.57143, 3.73333, 4.78571, 4.73333], "texture": "#0"},
				"up": {"uv": [4.57143, 3.73333, 6.28571, 6.23333], "texture": "#0"},
				"down": {"uv": [4.57143, 3.73333, 6.28571, 6.23333], "texture": "#0"}
			}
		},
		{
			"from": [5, -2, 6.75],
			"to": [11, -1, 9.25],
			"faces": {
				"north": {"uv": [4.57143, 3.73333, 8.28571, 4.73333], "texture": "#0"},
				"east": {"uv": [4.57143, 3.73333, 4.78571, 4.73333], "texture": "#0"},
				"south": {"uv": [4.57143, 3.73333, 8.28571, 4.73333], "texture": "#0"},
				"west": {"uv": [4.57143, 3.73333, 4.78571, 4.73333], "texture": "#0"},
				"up": {"uv": [4.57143, 3.73333, 8.28571, 6.23333], "texture": "#0"},
				"down": {"uv": [4.57143, 3.73333, 8.28571, 6.23333], "texture": "#0"}
			}
		},
		{
			"from": [4, -3, 6.75],
			"to": [12, -2, 9.25],
			"faces": {
				"north": {"uv": [4.57143, 3.73333, 10.28571, 4.73333], "texture": "#0"},
				"east": {"uv": [4.57143, 3.73333, 4.78571, 4.73333], "texture": "#0"},
				"south": {"uv": [4.57143, 3.73333, 10.28571, 4.73333], "texture": "#0"},
				"west": {"uv": [4.57143, 3.73333, 4.78571, 4.73333], "texture": "#0"},
				"up": {"uv": [4.57143, 3.73333, 10.28571, 6.23333], "texture": "#0"},
				"down": {"uv": [4.57143, 3.73333, 10.28571, 6.23333], "texture": "#0"}
			}
		}
	],
	"display": {
		"thirdperson_righthand": {
			"rotation": [0, 90, 0],
			"translation": [0, 13.5, 1]
		},
		"thirdperson_lefthand": {
			"rotation": [0, 90, 0],
			"translation": [0, 13.25, 1]
		},
		"firstperson_righthand": {
			"rotation": [-23, 85, 0],
			"translation": [2.5, 0, 0]
		},
		"firstperson_lefthand": {
			"rotation": [-23, 85, 0],
			"translation": [2.5, 0, 0]
		},
		"ground": {
			"rotation": [90, 0, 0],
			"translation": [0, -3.5, 0],
			"scale": [0.5, 0.5, 0.5]
		},
		"gui": {
			"rotation": [0, 0, -45],
			"scale": [0.45, 0.45, 0.45]
		},
		"head": {
			"rotation": [0, 0, -180],
			"translation": [0, 20.25, 0]
		},
		"fixed": {
			"rotation": [90, 0, 0],
			"translation": [0, 0, -20.25]
		}
	}
}