{
	"parent": "item/generated",
	"textures": {
		"layer0": "item/iron_ingot"
	},

	"overrides": [
		{ "predicate": {"custom_model_data":4007}, "model": "item/chain_material"},
		{ "predicate": {"custom_model_data":4008}, "model": "item/iron_plate"},
		{ "predicate": {"custom_model_data":4015}, "model": "item/fake_armor/fake_iron_helmet"},
		{ "predicate": {"custom_model_data":4016}, "model": "item/fake_armor/fake_iron_chestplate"},
		{ "predicate": {"custom_model_data":4017}, "model": "item/fake_armor/fake_iron_leggings"},
		{ "predicate": {"custom_model_data":4018}, "model": "item/fake_armor/fake_iron_boots"},
		{ "predicate": {"custom_model_data":4019}, "model": "item/iron_heads/iron_sword_head"},
		{ "predicate": {"custom_model_data":4020}, "model": "item/iron_heads/iron_axe_head"},
		{ "predicate": {"custom_model_data":4021}, "model": "item/iron_heads/iron_shovel_head"},
		{ "predicate": {"custom_model_data":4022}, "model": "item/iron_heads/iron_pickaxe_head"},
		{ "predicate": {"custom_model_data":4023}, "model": "item/iron_heads/iron_hoe_head"},
		{ "predicate": {"custom_model_data":4024}, "model": "item/iron_heads/iron_knife_head"},
		{ "predicate": {"custom_model_data":4025}, "model": "item/iron_heads/iron_ingot_2"},
		{ "predicate": {"custom_model_data":4026}, "model": "item/iron_heads/iron_ingot_3"}
	]
}