{
	"credit": "Made with Blockbench",
	"parent": "stick",
	"texture_size": [64, 64],
	"textures": {
		"0": "item/lizard_tail",
		"particle": "item/lizard_tail"
	},
	"elements": [
		{
			"from": [5.7, 6.35, 7.7],
			"to": [10.3, 10.15, 11.1],
			"rotation": {"angle": -22.5, "axis": "x", "origin": [0, 0, 0]},
			"faces": {
				"north": {"uv": [12, 4, 16, 8], "texture": "#0"},
				"east": {"uv": [8, 4, 12, 8], "texture": "#0"},
				"south": {"uv": [4, 4, 8, 8], "texture": "#0"},
				"west": {"uv": [0, 4, 4, 8], "texture": "#0"},
				"up": {"uv": [4, 0, 8, 4], "texture": "#0"},
				"down": {"uv": [4, 8, 8, 12], "texture": "#0"}
			}
		},
		{
			"from": [6.1, -1.15, 5.7],
			"to": [9.9, 1.95, 9.1],
			"rotation": {"angle": -45, "axis": "x", "origin": [0, 0, -6]},
			"faces": {
				"north": {"uv": [12, 8, 16, 12], "texture": "#0"},
				"east": {"uv": [0, 8, 4, 12], "texture": "#0"},
				"south": {"uv": [4, 8, 8, 12], "texture": "#0"},
				"west": {"uv": [8, 8, 12, 12], "texture": "#0"},
				"up": {"uv": [4, 4, 8, 8], "texture": "#0"},
				"down": {"uv": [4, 12, 8, 16], "texture": "#0"}
			}
		},
		{
			"from": [6.4, 8.3, -3.15],
			"to": [9.6, 11.7, -0.65],
			"rotation": {"angle": 22.5, "axis": "x", "origin": [0, 0, -6]},
			"faces": {
				"north": {"uv": [4, 12, 8, 16], "rotation": 180, "texture": "#0"},
				"east": {"uv": [0, 12, 4, 16], "rotation": 90, "texture": "#0"},
				"south": {"uv": [4, 1.625, 8, 5.625], "texture": "#0"},
				"west": {"uv": [8, 12, 12, 16], "rotation": 270, "texture": "#0"},
				"up": {"uv": [4, 8, 8, 12], "texture": "#0"},
				"down": {"uv": [12, 12, 16, 16], "rotation": 180, "texture": "#0"}
			}
		},
		{
			"from": [6.6, 7.5, -6.375],
			"to": [9.4, 9.8, -4.375],
			"rotation": {"angle": 45, "axis": "x", "origin": [0, 0, -6]},
			"faces": {
				"north": {"uv": [4, 0, 8, 4], "rotation": 180, "texture": "#0"},
				"east": {"uv": [0, 4, 4, 8], "rotation": 270, "texture": "#0"},
				"south": {"uv": [12, 4, 16, 8], "texture": "#0"},
				"west": {"uv": [8, 4, 12, 8], "rotation": 90, "texture": "#0"},
				"up": {"uv": [4, 4, 8, 8], "rotation": 180, "texture": "#0"},
				"down": {"uv": [4, 8, 8, 12], "texture": "#0"}
			}
		},
		{
			"from": [6.8, 1.475, -0.05],
			"to": [9.2, 3.075, 1.55],
			"rotation": {"angle": -22.5, "axis": "x", "origin": [0, 0, -6]},
			"faces": {
				"north": {"uv": [4, 0, 8, 4], "rotation": 180, "texture": "#0"},
				"east": {"uv": [0, 4, 4, 8], "rotation": 270, "texture": "#0"},
				"south": {"uv": [8.125, 6.25, 12.125, 10.25], "texture": "#0"},
				"west": {"uv": [8, 4, 12, 8], "rotation": 90, "texture": "#0"},
				"up": {"uv": [4, 4, 8, 8], "rotation": 180, "texture": "#0"},
				"down": {"uv": [4, 8, 8, 12], "texture": "#0"}
			}
		},
		{
			"from": [7.1, 3.9, -3.05],
			"to": [8.9, 4.7, -1.05],
			"rotation": {"angle": 0, "axis": "x", "origin": [0, 0, -6]},
			"faces": {
				"north": {"uv": [4, 4, 8, 8], "rotation": 180, "texture": "#0"},
				"east": {"uv": [0, 4, 4, 8], "rotation": 270, "texture": "#0"},
				"south": {"uv": [12, 4, 16, 8], "texture": "#0"},
				"west": {"uv": [8, 4, 12, 8], "rotation": 90, "texture": "#0"},
				"up": {"uv": [4, 0, 8, 4], "rotation": 180, "texture": "#0"},
				"down": {"uv": [4, 8, 8, 12], "texture": "#0"}
			}
		}
	],
	"display": {
		"thirdperson_righthand": {
			"rotation": [66, -180, 0],
			"translation": [2.75, 1.75, -3.5]
		},
		"head": {
			"rotation": [0, -180, 0],
			"translation": [0, -67, -1.25],
			"scale": [1.5, 1.51, 2.07]
		}
	},
	"groups": [
		{
			"name": "tail",
			"origin": [0, 0, 0],
			"color": 0,
			"children": [0, 1, 2, 3, 4, 5]
		}
	]
}