{
	"credit": "Made with Blockbench",
	"parent": "book",
	"texture_size": [64, 64],
	"textures": {
		"0": "item/magic_book"
	},
	"elements": [
		{
			"name": "cover_left_rotation",
			"from": [4.94689, 0, 11.37638],
			"to": [10.94689, 10, 11.37638],
			"rotation": {"angle": 22.5, "axis": "y", "origin": [1, 5, 0]},
			"faces": {
				"north": {"uv": [0, 0, 1.5, 2.5], "texture": "#0"},
				"east": {"uv": [4, 0, 4, 2.5], "texture": "#0"},
				"south": {"uv": [1.5, 0, 3, 2.5], "texture": "#0"},
				"west": {"uv": [5.5, 0, 5.5, 2.5], "texture": "#0"},
				"up": {"uv": [5.5, 0, 4, 0], "texture": "#0"},
				"down": {"uv": [7, 0, 5.5, 0], "texture": "#0"}
			}
		},
		{
			"name": "cover_right_rotation",
			"from": [3.83519, 0, 5.25345],
			"to": [9.83519, 10, 5.25345],
			"rotation": {"angle": -22.5, "axis": "y", "origin": [-1, 5, 0]},
			"faces": {
				"north": {"uv": [4, 0, 5.5, 2.5], "texture": "#0"},
				"east": {"uv": [0, 0, 0, 2.5], "texture": "#0"},
				"south": {"uv": [5.5, 0, 7, 2.5], "texture": "#0"},
				"west": {"uv": [1.5, 0, 1.5, 2.5], "texture": "#0"},
				"up": {"uv": [1.5, 0, 0, 0], "texture": "#0"},
				"down": {"uv": [3, 0, 1.5, 0], "texture": "#0"}
			}
		},
		{
			"name": "spine_rotation",
			"from": [7, 0, 9],
			"to": [9, 10, 9],
			"faces": {
				"north": {"uv": [3.5, 0, 4, 2.5], "texture": "#0"},
				"east": {"uv": [3, 0, 3, 2.5], "texture": "#0"},
				"south": {"uv": [3, 0, 3.5, 2.5], "texture": "#0"},
				"west": {"uv": [3.5, 0, 3.5, 2.5], "texture": "#0"},
				"up": {"uv": [3.5, 0, 3, 0], "texture": "#0"},
				"down": {"uv": [4, 0, 3.5, 0], "texture": "#0"}
			}
		},
		{
			"name": "page_left_rotation",
			"from": [4.28515, 1, 10.484],
			"to": [9.28515, 9, 11.484],
			"rotation": {"angle": 22.5, "axis": "y", "origin": [0, 0, 0]},
			"faces": {
				"north": {"uv": [3.25, 2.75, 4.5, 4.75], "texture": "#0"},
				"east": {"uv": [3, 2.75, 3.25, 4.75], "texture": "#0"},
				"south": {"uv": [4.75, 2.75, 6, 4.75], "texture": "#0"},
				"west": {"uv": [4.5, 2.75, 4.75, 4.75], "texture": "#0"},
				"up": {"uv": [4.5, 2.75, 3.25, 2.5], "texture": "#0"},
				"down": {"uv": [5.75, 2.5, 4.5, 2.75], "texture": "#0"}
			}
		},
		{
			"name": "page_right_rotation",
			"from": [5.55042, 1, 4.36106],
			"to": [10.55042, 9, 5.36106],
			"rotation": {"angle": -22.5, "axis": "y", "origin": [0, 0, 0]},
			"faces": {
				"north": {"uv": [0.25, 2.75, 1.5, 4.75], "texture": "#0"},
				"east": {"uv": [0, 2.75, 0.25, 4.75], "texture": "#0"},
				"south": {"uv": [1.75, 2.75, 3, 4.75], "texture": "#0"},
				"west": {"uv": [1.5, 2.75, 1.75, 4.75], "texture": "#0"},
				"up": {"uv": [1.5, 2.75, 0.25, 2.5], "texture": "#0"},
				"down": {"uv": [2.75, 2.5, 1.5, 2.75], "texture": "#0"}
			}
		}
	],
	"display": {
		"thirdperson_righthand": {
			"rotation": [-7, -180, 0],
			"translation": [-6.25, 7.75, -1]
		},
		"thirdperson_lefthand": {
			"rotation": [121, 0, 0],
			"translation": [0, -0.25, -1]
		},
		"firstperson_righthand": {
			"rotation": [-50, -180, 0],
			"translation": [-9, -1, -10.5],
			"scale": [1.68, 0.92, 1.21]
		},
		"firstperson_lefthand": {
			"rotation": [103, 25, 13],
			"translation": [9.75, -3, -5.25],
			"scale": [1.14, 0.99, 0.86]
		},
		"ground": {
			"rotation": [88, 0, 0]
		},
		"gui": {
			"rotation": [123.52, -13.96, -20.02],
			"translation": [-0.75, -8.5, 0]
		},
		"head": {
			"rotation": [90, 0, 0],
			"translation": [0, 7.5, 3.75],
			"scale": [1.43, 1.21, 1.1]
		},
		"fixed": {
			"translation": [0.25, 4, -0.75]
		}
	},
	"groups": [
		{
			"name": "boock",
			"origin": [-4, 5, 0],
			"color": 0,
			"children": [
				{
					"name": "cover_left",
					"origin": [1, 5, 0],
					"rotation": [0, 12.5, 0],
					"color": 0,
					"children": [
						{
							"name": "cover_left_rotation",
							"origin": [4, 5, 0],
							"rotation": [0, 0, -180],
							"color": 0,
							"children": [0]
						}
					]
				},
				{
					"name": "cover_right",
					"origin": [-1, 4, 0],
					"rotation": [0, -12.5, 0],
					"color": 0,
					"children": [
						{
							"name": "cover_right_rotation",
							"origin": [-4, 5, 0],
							"rotation": [0, 0, -180],
							"color": 0,
							"children": [1]
						}
					]
				},
				{
					"name": "book_spine",
					"origin": [0, 5, 0],
					"color": 0,
					"children": [
						{
							"name": "spine_rotation",
							"origin": [0, 5, 0],
							"rotation": [-180, 0, 0],
							"color": 0,
							"children": [2]
						}
					]
				},
				{
					"name": "pages_left",
					"origin": [1, 5, -1.075],
					"rotation": [0, 12.5, 0],
					"color": 0,
					"children": [
						{
							"name": "page_left_rotation",
							"origin": [2.5, 5, -0.6],
							"rotation": [0, 0, -180],
							"color": 0,
							"children": [3]
						}
					]
				},
				{
					"name": "pages_right",
					"origin": [-1, 5, -0.125],
					"rotation": [0, -12.5, 0],
					"color": 0,
					"children": [
						{
							"name": "page_right_rotation",
							"origin": [-2.5, 5, -0.6],
							"rotation": [0, -180, -180],
							"color": 0,
							"children": [4]
						}
					]
				}
			]
		}
	]
}