{
	"credit": "Made with Blockbench",
	"parent": "stick",
	"textures": {
		"0": "item/monument",
		"particle": "item/monument"
	},
	"elements": [
		{
			"from": [5, 0, 5],
			"to": [11, 16, 11],
			"faces": {
				"north": {"uv": [0, 0, 4.5, 8], "texture": "#0"},
				"east": {"uv": [0, 0, 4.5, 8], "texture": "#0"},
				"south": {"uv": [0, 0, 4.5, 8], "texture": "#0"},
				"west": {"uv": [0, 0, 4.5, 8], "texture": "#0"},
				"up": {"uv": [9, 1, 15, 7], "texture": "#0"},
				"down": {"uv": [1, 9, 7, 15], "texture": "#0"}
			}
		},
		{
			"from": [11, 15, 5],
			"to": [14, 16, 11],
			"faces": {
				"north": {"uv": [0.5, 9.5, 3.5, 10.5], "texture": "#0"},
				"east": {"uv": [0.5, 9.5, 6.5, 10.5], "texture": "#0"},
				"south": {"uv": [0.5, 9.5, 3.5, 10.5], "texture": "#0"},
				"west": {"uv": [0.5, 9.5, 6.5, 10.5], "texture": "#0"},
				"up": {"uv": [10.5, 1, 13.5, 7], "texture": "#0"},
				"down": {"uv": [0.5, 9.5, 3.5, 15.5], "texture": "#0"}
			}
		},
		{
			"from": [2, 15, 5],
			"to": [5, 16, 11],
			"faces": {
				"north": {"uv": [0.5, 9.5, 3.5, 10.5], "texture": "#0"},
				"east": {"uv": [0.5, 9.5, 6.5, 10.5], "texture": "#0"},
				"south": {"uv": [0.5, 9.5, 3.5, 10.5], "texture": "#0"},
				"west": {"uv": [0.5, 9.5, 6.5, 10.5], "texture": "#0"},
				"up": {"uv": [10.5, 1, 13.5, 7], "texture": "#0"},
				"down": {"uv": [0.5, 9.5, 3.5, 15.5], "texture": "#0"}
			}
		},
		{
			"from": [5, 15, 11],
			"to": [11, 16, 14],
			"rotation": {"angle": 0, "axis": "y", "origin": [3.5, 0.5, 14]},
			"faces": {
				"north": {"uv": [0.5, 9.5, 6.5, 10.5], "texture": "#0"},
				"east": {"uv": [0.5, 9.5, 3.5, 10.5], "texture": "#0"},
				"south": {"uv": [0.5, 9.5, 6.5, 10.5], "texture": "#0"},
				"west": {"uv": [0.5, 9.5, 3.5, 10.5], "texture": "#0"},
				"up": {"uv": [10.5, 1, 13.5, 7], "rotation": 270, "texture": "#0"},
				"down": {"uv": [0.5, 9.5, 3.5, 15.5], "rotation": 90, "texture": "#0"}
			}
		},
		{
			"from": [5, 15, 2],
			"to": [11, 16, 5],
			"rotation": {"angle": 0, "axis": "y", "origin": [3.5, 0.5, 14]},
			"faces": {
				"north": {"uv": [0.5, 9.5, 6.5, 10.5], "texture": "#0"},
				"east": {"uv": [0.5, 9.5, 3.5, 10.5], "texture": "#0"},
				"south": {"uv": [0.5, 9.5, 6.5, 10.5], "texture": "#0"},
				"west": {"uv": [0.5, 9.5, 3.5, 10.5], "texture": "#0"},
				"up": {"uv": [10.5, 1, 13.5, 7], "rotation": 270, "texture": "#0"},
				"down": {"uv": [0.5, 9.5, 3.5, 15.5], "rotation": 90, "texture": "#0"}
			}
		},
		{
			"from": [3, 15, 3],
			"to": [5, 16, 5],
			"rotation": {"angle": 0, "axis": "y", "origin": [3.5, 0.5, 14]},
			"faces": {
				"north": {"uv": [0.5, 9.5, 2.5, 10.5], "texture": "#0"},
				"east": {"uv": [0.5, 9.5, 2.5, 10.5], "texture": "#0"},
				"south": {"uv": [0.5, 9.5, 2.5, 10.5], "texture": "#0"},
				"west": {"uv": [0.5, 9.5, 2.5, 10.5], "texture": "#0"},
				"up": {"uv": [11, 3, 13, 5], "rotation": 270, "texture": "#0"},
				"down": {"uv": [0.5, 9.5, 2.5, 11.5], "rotation": 90, "texture": "#0"}
			}
		},
		{
			"from": [3, 15, 11],
			"to": [5, 16, 13],
			"rotation": {"angle": 0, "axis": "y", "origin": [3.5, 0.5, 14]},
			"faces": {
				"north": {"uv": [0.5, 9.5, 2.5, 10.5], "texture": "#0"},
				"east": {"uv": [0.5, 9.5, 2.5, 10.5], "texture": "#0"},
				"south": {"uv": [0.5, 9.5, 2.5, 10.5], "texture": "#0"},
				"west": {"uv": [0.5, 9.5, 2.5, 10.5], "texture": "#0"},
				"up": {"uv": [11, 3, 13, 5], "rotation": 270, "texture": "#0"},
				"down": {"uv": [0.5, 9.5, 2.5, 11.5], "rotation": 90, "texture": "#0"}
			}
		},
		{
			"from": [11, 15, 11],
			"to": [13, 16, 13],
			"rotation": {"angle": 0, "axis": "y", "origin": [3.5, 0.5, 14]},
			"faces": {
				"north": {"uv": [0.5, 9.5, 2.5, 10.5], "texture": "#0"},
				"east": {"uv": [0.5, 9.5, 2.5, 10.5], "texture": "#0"},
				"south": {"uv": [0.5, 9.5, 2.5, 10.5], "texture": "#0"},
				"west": {"uv": [0.5, 9.5, 2.5, 10.5], "texture": "#0"},
				"up": {"uv": [11, 3, 13, 5], "rotation": 270, "texture": "#0"},
				"down": {"uv": [0.5, 9.5, 2.5, 11.5], "rotation": 90, "texture": "#0"}
			}
		},
		{
			"from": [11, 15, 3],
			"to": [13, 16, 5],
			"rotation": {"angle": 0, "axis": "y", "origin": [3.5, 0.5, 14]},
			"faces": {
				"north": {"uv": [0.5, 9.5, 2.5, 10.5], "texture": "#0"},
				"east": {"uv": [0.5, 9.5, 2.5, 10.5], "texture": "#0"},
				"south": {"uv": [0.5, 9.5, 2.5, 10.5], "texture": "#0"},
				"west": {"uv": [0.5, 9.5, 2.5, 10.5], "texture": "#0"},
				"up": {"uv": [11, 3, 13, 5], "rotation": 270, "texture": "#0"},
				"down": {"uv": [0.5, 9.5, 2.5, 11.5], "rotation": 90, "texture": "#0"}
			}
		},
		{
			"from": [3, 14, 5],
			"to": [5, 15, 11],
			"faces": {
				"north": {"uv": [0.5, 9.5, 2.5, 10.5], "texture": "#0"},
				"east": {"uv": [0.5, 9.5, 6.5, 10.5], "texture": "#0"},
				"south": {"uv": [0.5, 9.5, 2.5, 10.5], "texture": "#0"},
				"west": {"uv": [0.5, 9.5, 6.5, 10.5], "texture": "#0"},
				"up": {"uv": [0.5, 9.5, 2.5, 15.5], "texture": "#0"},
				"down": {"uv": [0.5, 9.5, 2.5, 15.5], "texture": "#0"}
			}
		},
		{
			"from": [11, 14, 5],
			"to": [13, 15, 11],
			"faces": {
				"north": {"uv": [0.5, 9.5, 2.5, 10.5], "texture": "#0"},
				"east": {"uv": [0.5, 9.5, 6.5, 10.5], "texture": "#0"},
				"south": {"uv": [0.5, 9.5, 2.5, 10.5], "texture": "#0"},
				"west": {"uv": [0.5, 9.5, 6.5, 10.5], "texture": "#0"},
				"up": {"uv": [0.5, 9.5, 2.5, 15.5], "texture": "#0"},
				"down": {"uv": [0.5, 9.5, 2.5, 15.5], "texture": "#0"}
			}
		},
		{
			"from": [5, 14, 3],
			"to": [11, 15, 5],
			"faces": {
				"north": {"uv": [0.5, 9.5, 6.5, 10.5], "texture": "#0"},
				"east": {"uv": [0.5, 9.5, 2.5, 10.5], "texture": "#0"},
				"south": {"uv": [0.5, 9.5, 6.5, 10.5], "texture": "#0"},
				"west": {"uv": [0.5, 9.5, 2.5, 10.5], "texture": "#0"},
				"up": {"uv": [0.5, 9.5, 2.5, 15.5], "rotation": 270, "texture": "#0"},
				"down": {"uv": [0.5, 9.5, 2.5, 15.5], "rotation": 90, "texture": "#0"}
			}
		},
		{
			"from": [5, 14, 11],
			"to": [11, 15, 13],
			"faces": {
				"north": {"uv": [0.5, 9.5, 6.5, 10.5], "texture": "#0"},
				"east": {"uv": [0.5, 9.5, 2.5, 10.5], "texture": "#0"},
				"south": {"uv": [0.5, 9.5, 6.5, 10.5], "texture": "#0"},
				"west": {"uv": [0.5, 9.5, 2.5, 10.5], "texture": "#0"},
				"up": {"uv": [0.5, 9.5, 2.5, 15.5], "rotation": 270, "texture": "#0"},
				"down": {"uv": [0.5, 9.5, 2.5, 15.5], "rotation": 90, "texture": "#0"}
			}
		},
		{
			"from": [11, 14, 11],
			"to": [12, 15, 12],
			"faces": {
				"north": {"uv": [0.5, 9.5, 1.5, 10.5], "texture": "#0"},
				"east": {"uv": [0.5, 9.5, 1.5, 10.5], "texture": "#0"},
				"south": {"uv": [0.5, 9.5, 1.5, 10.5], "texture": "#0"},
				"west": {"uv": [0.5, 9.5, 1.5, 10.5], "texture": "#0"},
				"up": {"uv": [0.5, 9.5, 1.5, 10.5], "rotation": 270, "texture": "#0"},
				"down": {"uv": [0.5, 9.5, 1.5, 10.5], "rotation": 90, "texture": "#0"}
			}
		},
		{
			"from": [4, 14, 11],
			"to": [5, 15, 12],
			"faces": {
				"north": {"uv": [0.5, 9.5, 1.5, 10.5], "texture": "#0"},
				"east": {"uv": [0.5, 9.5, 1.5, 10.5], "texture": "#0"},
				"south": {"uv": [0.5, 9.5, 1.5, 10.5], "texture": "#0"},
				"west": {"uv": [0.5, 9.5, 1.5, 10.5], "texture": "#0"},
				"up": {"uv": [0.5, 9.5, 1.5, 10.5], "rotation": 270, "texture": "#0"},
				"down": {"uv": [0.5, 9.5, 1.5, 10.5], "rotation": 90, "texture": "#0"}
			}
		},
		{
			"from": [4, 14, 4],
			"to": [5, 15, 5],
			"faces": {
				"north": {"uv": [0.5, 9.5, 1.5, 10.5], "texture": "#0"},
				"east": {"uv": [0.5, 9.5, 1.5, 10.5], "texture": "#0"},
				"south": {"uv": [0.5, 9.5, 1.5, 10.5], "texture": "#0"},
				"west": {"uv": [0.5, 9.5, 1.5, 10.5], "texture": "#0"},
				"up": {"uv": [0.5, 9.5, 1.5, 10.5], "rotation": 270, "texture": "#0"},
				"down": {"uv": [0.5, 9.5, 1.5, 10.5], "rotation": 90, "texture": "#0"}
			}
		},
		{
			"from": [11, 14, 4],
			"to": [12, 15, 5],
			"faces": {
				"north": {"uv": [0.5, 9.5, 1.5, 10.5], "texture": "#0"},
				"east": {"uv": [0.5, 9.5, 1.5, 10.5], "texture": "#0"},
				"south": {"uv": [0.5, 9.5, 1.5, 10.5], "texture": "#0"},
				"west": {"uv": [0.5, 9.5, 1.5, 10.5], "texture": "#0"},
				"up": {"uv": [0.5, 9.5, 1.5, 10.5], "rotation": 270, "texture": "#0"},
				"down": {"uv": [0.5, 9.5, 1.5, 10.5], "rotation": 90, "texture": "#0"}
			}
		},
		{
			"from": [5, 13, 4],
			"to": [11, 14, 5],
			"faces": {
				"north": {"uv": [0.5, 9.5, 6.5, 10.5], "texture": "#0"},
				"east": {"uv": [0.5, 9.5, 1.5, 10.5], "texture": "#0"},
				"south": {"uv": [0.5, 9.5, 6.5, 10.5], "texture": "#0"},
				"west": {"uv": [0.5, 9.5, 1.5, 10.5], "texture": "#0"},
				"up": {"uv": [0.5, 9.5, 1.5, 15.5], "rotation": 270, "texture": "#0"},
				"down": {"uv": [0.5, 9.5, 1.5, 15.5], "rotation": 90, "texture": "#0"}
			}
		},
		{
			"from": [4, 13, 5],
			"to": [5, 14, 11],
			"faces": {
				"north": {"uv": [0.5, 9.5, 1.5, 10.5], "texture": "#0"},
				"east": {"uv": [0.5, 9.5, 6.5, 10.5], "texture": "#0"},
				"south": {"uv": [0.5, 9.5, 1.5, 10.5], "texture": "#0"},
				"west": {"uv": [0.5, 9.5, 6.5, 10.5], "texture": "#0"},
				"up": {"uv": [0.5, 9.5, 1.5, 15.5], "texture": "#0"},
				"down": {"uv": [0.5, 9.5, 1.5, 15.5], "texture": "#0"}
			}
		},
		{
			"from": [11, 13, 5],
			"to": [12, 14, 11],
			"faces": {
				"north": {"uv": [0.5, 9.5, 1.5, 10.5], "texture": "#0"},
				"east": {"uv": [0.5, 9.5, 6.5, 10.5], "texture": "#0"},
				"south": {"uv": [0.5, 9.5, 1.5, 10.5], "texture": "#0"},
				"west": {"uv": [0.5, 9.5, 6.5, 10.5], "texture": "#0"},
				"up": {"uv": [0.5, 9.5, 1.5, 15.5], "texture": "#0"},
				"down": {"uv": [0.5, 9.5, 1.5, 15.5], "texture": "#0"}
			}
		},
		{
			"from": [5, 13, 11],
			"to": [11, 14, 12],
			"faces": {
				"north": {"uv": [0.5, 9.5, 6.5, 10.5], "texture": "#0"},
				"east": {"uv": [0.5, 9.5, 1.5, 10.5], "texture": "#0"},
				"south": {"uv": [0.5, 9.5, 6.5, 10.5], "texture": "#0"},
				"west": {"uv": [0.5, 9.5, 1.5, 10.5], "texture": "#0"},
				"up": {"uv": [0.5, 9.5, 1.5, 15.5], "rotation": 270, "texture": "#0"},
				"down": {"uv": [0.5, 9.5, 1.5, 15.5], "rotation": 90, "texture": "#0"}
			}
		},
		{
			"from": [11, 0, 5],
			"to": [14, 1, 11],
			"faces": {
				"north": {"uv": [0.5, 9.5, 3.5, 10.5], "texture": "#0"},
				"east": {"uv": [0.5, 9.5, 6.5, 10.5], "texture": "#0"},
				"south": {"uv": [0.5, 9.5, 3.5, 10.5], "texture": "#0"},
				"west": {"uv": [0.5, 9.5, 6.5, 10.5], "texture": "#0"},
				"up": {"uv": [2.5, 9.5, 5.5, 15.5], "texture": "#0"},
				"down": {"uv": [1.5, 9.5, 4.5, 15.5], "texture": "#0"}
			}
		},
		{
			"from": [2, 0, 5],
			"to": [5, 1, 11],
			"faces": {
				"north": {"uv": [0.5, 9.5, 3.5, 10.5], "texture": "#0"},
				"east": {"uv": [0.5, 9.5, 6.5, 10.5], "texture": "#0"},
				"south": {"uv": [0.5, 9.5, 3.5, 10.5], "texture": "#0"},
				"west": {"uv": [0.5, 9.5, 6.5, 10.5], "texture": "#0"},
				"up": {"uv": [2.5, 9.5, 5.5, 15.5], "texture": "#0"},
				"down": {"uv": [1.5, 9.5, 4.5, 15.5], "texture": "#0"}
			}
		},
		{
			"from": [5, 0, 11],
			"to": [11, 1, 14],
			"rotation": {"angle": 0, "axis": "y", "origin": [3.5, 0.5, 14]},
			"faces": {
				"north": {"uv": [0.5, 9.5, 6.5, 10.5], "texture": "#0"},
				"east": {"uv": [0.5, 9.5, 3.5, 10.5], "texture": "#0"},
				"south": {"uv": [0.5, 9.5, 6.5, 10.5], "texture": "#0"},
				"west": {"uv": [0.5, 9.5, 3.5, 10.5], "texture": "#0"},
				"up": {"uv": [2.5, 9.5, 5.5, 15.5], "rotation": 270, "texture": "#0"},
				"down": {"uv": [1.5, 9.5, 4.5, 15.5], "rotation": 90, "texture": "#0"}
			}
		},
		{
			"from": [5, 0, 2],
			"to": [11, 1, 5],
			"rotation": {"angle": 0, "axis": "y", "origin": [3.5, 0.5, 14]},
			"faces": {
				"north": {"uv": [0.5, 9.5, 6.5, 10.5], "texture": "#0"},
				"east": {"uv": [0.5, 9.5, 3.5, 10.5], "texture": "#0"},
				"south": {"uv": [0.5, 9.5, 6.5, 10.5], "texture": "#0"},
				"west": {"uv": [0.5, 9.5, 3.5, 10.5], "texture": "#0"},
				"up": {"uv": [2.5, 9.5, 5.5, 15.5], "rotation": 270, "texture": "#0"},
				"down": {"uv": [1.5, 9.5, 4.5, 15.5], "rotation": 90, "texture": "#0"}
			}
		},
		{
			"from": [3, 0, 3],
			"to": [5, 1, 5],
			"rotation": {"angle": 0, "axis": "y", "origin": [3.5, 0.5, 14]},
			"faces": {
				"north": {"uv": [0.5, 9.5, 2.5, 10.5], "texture": "#0"},
				"east": {"uv": [0.5, 9.5, 2.5, 10.5], "texture": "#0"},
				"south": {"uv": [0.5, 9.5, 2.5, 10.5], "texture": "#0"},
				"west": {"uv": [0.5, 9.5, 2.5, 10.5], "texture": "#0"},
				"up": {"uv": [2.5, 9.5, 4.5, 11.5], "rotation": 270, "texture": "#0"},
				"down": {"uv": [1.5, 13.5, 3.5, 15.5], "rotation": 90, "texture": "#0"}
			}
		},
		{
			"from": [3, 0, 11],
			"to": [5, 1, 13],
			"rotation": {"angle": 0, "axis": "y", "origin": [3.5, 0.5, 14]},
			"faces": {
				"north": {"uv": [0.5, 9.5, 2.5, 10.5], "texture": "#0"},
				"east": {"uv": [0.5, 9.5, 2.5, 10.5], "texture": "#0"},
				"south": {"uv": [0.5, 9.5, 2.5, 10.5], "texture": "#0"},
				"west": {"uv": [0.5, 9.5, 2.5, 10.5], "texture": "#0"},
				"up": {"uv": [2.5, 9.5, 4.5, 11.5], "rotation": 270, "texture": "#0"},
				"down": {"uv": [1.5, 13.5, 3.5, 15.5], "rotation": 90, "texture": "#0"}
			}
		},
		{
			"from": [11, 0, 11],
			"to": [13, 1, 13],
			"rotation": {"angle": 0, "axis": "y", "origin": [3.5, 0.5, 14]},
			"faces": {
				"north": {"uv": [0.5, 9.5, 2.5, 10.5], "texture": "#0"},
				"east": {"uv": [0.5, 9.5, 2.5, 10.5], "texture": "#0"},
				"south": {"uv": [0.5, 9.5, 2.5, 10.5], "texture": "#0"},
				"west": {"uv": [0.5, 9.5, 2.5, 10.5], "texture": "#0"},
				"up": {"uv": [2.5, 9.5, 4.5, 11.5], "rotation": 270, "texture": "#0"},
				"down": {"uv": [1.5, 13.5, 3.5, 15.5], "rotation": 90, "texture": "#0"}
			}
		},
		{
			"from": [11, 0, 3],
			"to": [13, 1, 5],
			"rotation": {"angle": 0, "axis": "y", "origin": [3.5, 0.5, 14]},
			"faces": {
				"north": {"uv": [0.5, 9.5, 2.5, 10.5], "texture": "#0"},
				"east": {"uv": [0.5, 9.5, 2.5, 10.5], "texture": "#0"},
				"south": {"uv": [0.5, 9.5, 2.5, 10.5], "texture": "#0"},
				"west": {"uv": [0.5, 9.5, 2.5, 10.5], "texture": "#0"},
				"up": {"uv": [2.5, 9.5, 4.5, 11.5], "rotation": 270, "texture": "#0"},
				"down": {"uv": [1.5, 13.5, 3.5, 15.5], "rotation": 90, "texture": "#0"}
			}
		},
		{
			"from": [3, 1, 5],
			"to": [5, 2, 11],
			"faces": {
				"north": {"uv": [0.5, 9.5, 2.5, 10.5], "texture": "#0"},
				"east": {"uv": [0.5, 9.5, 6.5, 10.5], "texture": "#0"},
				"south": {"uv": [0.5, 9.5, 2.5, 10.5], "texture": "#0"},
				"west": {"uv": [0.5, 9.5, 6.5, 10.5], "texture": "#0"},
				"up": {"uv": [2.5, 9.5, 4.5, 15.5], "texture": "#0"},
				"down": {"uv": [0.5, 9.5, 2.5, 15.5], "texture": "#0"}
			}
		},
		{
			"from": [11, 1, 5],
			"to": [13, 2, 11],
			"faces": {
				"north": {"uv": [0.5, 9.5, 2.5, 10.5], "texture": "#0"},
				"east": {"uv": [0.5, 9.5, 6.5, 10.5], "texture": "#0"},
				"south": {"uv": [0.5, 9.5, 2.5, 10.5], "texture": "#0"},
				"west": {"uv": [0.5, 9.5, 6.5, 10.5], "texture": "#0"},
				"up": {"uv": [2.5, 9.5, 4.5, 15.5], "texture": "#0"},
				"down": {"uv": [0.5, 9.5, 2.5, 15.5], "texture": "#0"}
			}
		},
		{
			"from": [5, 1, 3],
			"to": [11, 2, 5],
			"faces": {
				"north": {"uv": [0.5, 9.5, 6.5, 10.5], "texture": "#0"},
				"east": {"uv": [0.5, 9.5, 2.5, 10.5], "texture": "#0"},
				"south": {"uv": [0.5, 9.5, 6.5, 10.5], "texture": "#0"},
				"west": {"uv": [0.5, 9.5, 2.5, 10.5], "texture": "#0"},
				"up": {"uv": [2.5, 9.5, 4.5, 15.5], "rotation": 270, "texture": "#0"},
				"down": {"uv": [0.5, 9.5, 2.5, 15.5], "rotation": 90, "texture": "#0"}
			}
		},
		{
			"from": [5, 1, 11],
			"to": [11, 2, 13],
			"faces": {
				"north": {"uv": [0.5, 9.5, 6.5, 10.5], "texture": "#0"},
				"east": {"uv": [0.5, 9.5, 2.5, 10.5], "texture": "#0"},
				"south": {"uv": [0.5, 9.5, 6.5, 10.5], "texture": "#0"},
				"west": {"uv": [0.5, 9.5, 2.5, 10.5], "texture": "#0"},
				"up": {"uv": [2.5, 9.5, 4.5, 15.5], "rotation": 270, "texture": "#0"},
				"down": {"uv": [0.5, 9.5, 2.5, 15.5], "rotation": 90, "texture": "#0"}
			}
		},
		{
			"from": [11, 1, 11],
			"to": [12, 2, 12],
			"faces": {
				"north": {"uv": [0.5, 9.5, 1.5, 10.5], "texture": "#0"},
				"east": {"uv": [0.5, 9.5, 1.5, 10.5], "texture": "#0"},
				"south": {"uv": [0.5, 9.5, 1.5, 10.5], "texture": "#0"},
				"west": {"uv": [0.5, 9.5, 1.5, 10.5], "texture": "#0"},
				"up": {"uv": [2.5, 9.5, 3.5, 10.5], "rotation": 270, "texture": "#0"},
				"down": {"uv": [0.5, 9.5, 1.5, 10.5], "rotation": 90, "texture": "#0"}
			}
		},
		{
			"from": [4, 1, 11],
			"to": [5, 2, 12],
			"faces": {
				"north": {"uv": [0.5, 9.5, 1.5, 10.5], "texture": "#0"},
				"east": {"uv": [0.5, 9.5, 1.5, 10.5], "texture": "#0"},
				"south": {"uv": [0.5, 9.5, 1.5, 10.5], "texture": "#0"},
				"west": {"uv": [0.5, 9.5, 1.5, 10.5], "texture": "#0"},
				"up": {"uv": [2.5, 9.5, 3.5, 10.5], "rotation": 270, "texture": "#0"},
				"down": {"uv": [0.5, 9.5, 1.5, 10.5], "rotation": 90, "texture": "#0"}
			}
		},
		{
			"from": [4, 1, 4],
			"to": [5, 2, 5],
			"faces": {
				"north": {"uv": [0.5, 9.5, 1.5, 10.5], "texture": "#0"},
				"east": {"uv": [0.5, 9.5, 1.5, 10.5], "texture": "#0"},
				"south": {"uv": [0.5, 9.5, 1.5, 10.5], "texture": "#0"},
				"west": {"uv": [0.5, 9.5, 1.5, 10.5], "texture": "#0"},
				"up": {"uv": [2.5, 9.5, 3.5, 10.5], "rotation": 270, "texture": "#0"},
				"down": {"uv": [0.5, 9.5, 1.5, 10.5], "rotation": 90, "texture": "#0"}
			}
		},
		{
			"from": [11, 1, 4],
			"to": [12, 2, 5],
			"faces": {
				"north": {"uv": [0.5, 9.5, 1.5, 10.5], "texture": "#0"},
				"east": {"uv": [0.5, 9.5, 1.5, 10.5], "texture": "#0"},
				"south": {"uv": [0.5, 9.5, 1.5, 10.5], "texture": "#0"},
				"west": {"uv": [0.5, 9.5, 1.5, 10.5], "texture": "#0"},
				"up": {"uv": [2.5, 9.5, 3.5, 10.5], "rotation": 270, "texture": "#0"},
				"down": {"uv": [0.5, 9.5, 1.5, 10.5], "rotation": 90, "texture": "#0"}
			}
		},
		{
			"from": [5, 2, 4],
			"to": [11, 3, 5],
			"faces": {
				"north": {"uv": [0.5, 9.5, 6.5, 10.5], "texture": "#0"},
				"east": {"uv": [0.5, 9.5, 1.5, 10.5], "texture": "#0"},
				"south": {"uv": [0.5, 9.5, 6.5, 10.5], "texture": "#0"},
				"west": {"uv": [0.5, 9.5, 1.5, 10.5], "texture": "#0"},
				"up": {"uv": [5.5, 9.5, 6.5, 15.5], "rotation": 270, "texture": "#0"},
				"down": {"uv": [0.5, 9.5, 1.5, 15.5], "rotation": 90, "texture": "#0"}
			}
		},
		{
			"from": [4, 2, 5],
			"to": [5, 3, 11],
			"faces": {
				"north": {"uv": [0.5, 9.5, 1.5, 10.5], "texture": "#0"},
				"east": {"uv": [0.5, 9.5, 6.5, 10.5], "texture": "#0"},
				"south": {"uv": [0.5, 9.5, 1.5, 10.5], "texture": "#0"},
				"west": {"uv": [0.5, 9.5, 6.5, 10.5], "texture": "#0"},
				"up": {"uv": [5.5, 9.5, 6.5, 15.5], "texture": "#0"},
				"down": {"uv": [0.5, 9.5, 1.5, 15.5], "texture": "#0"}
			}
		},
		{
			"from": [11, 2, 5],
			"to": [12, 3, 11],
			"faces": {
				"north": {"uv": [0.5, 9.5, 1.5, 10.5], "texture": "#0"},
				"east": {"uv": [0.5, 9.5, 6.5, 10.5], "texture": "#0"},
				"south": {"uv": [0.5, 9.5, 1.5, 10.5], "texture": "#0"},
				"west": {"uv": [0.5, 9.5, 6.5, 10.5], "texture": "#0"},
				"up": {"uv": [5.5, 9.5, 6.5, 15.5], "texture": "#0"},
				"down": {"uv": [0.5, 9.5, 1.5, 15.5], "texture": "#0"}
			}
		},
		{
			"from": [5, 2, 11],
			"to": [11, 3, 12],
			"faces": {
				"north": {"uv": [0.5, 9.5, 6.5, 10.5], "texture": "#0"},
				"east": {"uv": [0.5, 9.5, 1.5, 10.5], "texture": "#0"},
				"south": {"uv": [0.5, 9.5, 6.5, 10.5], "texture": "#0"},
				"west": {"uv": [0.5, 9.5, 1.5, 10.5], "texture": "#0"},
				"up": {"uv": [5.5, 9.5, 6.5, 15.5], "rotation": 270, "texture": "#0"},
				"down": {"uv": [0.5, 9.5, 1.5, 15.5], "rotation": 90, "texture": "#0"}
			}
		}
	],
	"display": {
		"thirdperson_righthand": {
			"translation": [0, -1.75, -1],
			"scale": [0.5, 0.5, 0.5]
		},
		"thirdperson_lefthand": {
			"translation": [0, -1.75, -1],
			"scale": [0.5, 0.5, 0.5]
		},
		"ground": {
			"scale": [0.5, 0.5, 0.5]
		},
		"gui": {
			"rotation": [21, 47, 0],
			"scale": [0.75, 0.75, 0.75]
		},
		"head": {
			"translation": [0, 14.25, 0]
		},
		"fixed": {
			"rotation": [-90, 0, 0],
			"translation": [0, 0, -15.5],
			"scale": [2, 2, 2]
		}
	},
	"groups": [
		0,
		{
			"name": "up",
			"origin": [8, 8, 8],
			"color": 0,
			"nbt": "{}",
			"armAnimationEnabled": false,
			"children": [
				{
					"name": "1t",
					"origin": [3.5, 0.5, 14],
					"color": 0,
					"nbt": "{}",
					"armAnimationEnabled": false,
					"children": [1, 2, 3, 4, 5, 6, 7, 8]
				},
				{
					"name": "2d",
					"origin": [0, 0, 0],
					"color": 0,
					"nbt": "{}",
					"armAnimationEnabled": false,
					"children": [9, 10, 11, 12, 13, 14, 15, 16]
				},
				{
					"name": "3d",
					"origin": [0, 0, 0],
					"color": 0,
					"nbt": "{}",
					"armAnimationEnabled": false,
					"children": [17, 18, 19, 20]
				}
			]
		},
		{
			"name": "down",
			"origin": [8, 8, 8],
			"color": 0,
			"nbt": "{}",
			"armAnimationEnabled": false,
			"children": [
				{
					"name": "1t",
					"origin": [3.5, 0.5, 14],
					"color": 0,
					"nbt": "{}",
					"armAnimationEnabled": false,
					"children": [21, 22, 23, 24, 25, 26, 27, 28]
				},
				{
					"name": "2d",
					"origin": [0, 0, 0],
					"color": 0,
					"nbt": "{}",
					"armAnimationEnabled": false,
					"children": [29, 30, 31, 32, 33, 34, 35, 36]
				},
				{
					"name": "3d",
					"origin": [0, 0, 0],
					"color": 0,
					"nbt": "{}",
					"armAnimationEnabled": false,
					"children": [37, 38, 39, 40]
				}
			]
		}
	]
}