{
	"parent": "item/generated",
	"textures": {
		"layer0": "item/netherite_ingot"
	},

	"overrides": [
		{ "predicate": {"custom_model_data":4008}, "model": "item/netherite_plate"},
		{ "predicate": {"custom_model_data":4019}, "model": "item/netherite_heads/netherite_sword_head"},
		{ "predicate": {"custom_model_data":4020}, "model": "item/netherite_heads/netherite_axe_head"},
		{ "predicate": {"custom_model_data":4021}, "model": "item/netherite_heads/netherite_shovel_head"},
		{ "predicate": {"custom_model_data":4022}, "model": "item/netherite_heads/netherite_pickaxe_head"},
		{ "predicate": {"custom_model_data":4023}, "model": "item/netherite_heads/netherite_hoe_head"}
	]
}