{
	"credit": "https://www.youtube.com/c/ZeroCaty",
	"textures": {
		"0": "entity/pig",
		"1": "item/speer",
		"3": "entity/pig_legs_motion",
		"particle": "entity/pig"
	},
	"elements": [
		{
			"from": [3, 6, -1],
			"to": [13, 14, 15],
			"faces": {
				"north": {"uv": [9.25, 5.5, 11.25, 7.75], "texture": "#0"},
				"east": {"uv": [12, 6.25, 14.25, 8], "texture": "#0"},
				"south": {"uv": [11.5, 2, 14, 4], "texture": "#0"},
				"west": {"uv": [7, 6.25, 9.25, 8], "texture": "#0"},
				"up": {"uv": [13.5, 4, 16, 6.75], "rotation": 180, "texture": "#0"},
				"down": {"uv": [9, 5.75, 11.5, 8], "rotation": 180, "texture": "#0"}
			}
		},
		{
			"from": [3, 14, -1],
			"to": [13, 22, 6],
			"faces": {
				"north": {"uv": [9.25, 4, 11.25, 5.5], "texture": "#0"},
				"east": {"uv": [12.25, 4, 15, 5.5], "texture": "#0"},
				"south": {"uv": [13.5, 5, 16, 6.75], "rotation": 180, "texture": "#0"},
				"west": {"uv": [14.25, 4, 15, 5.5], "rotation": 180, "texture": "#0"},
				"up": {"uv": [9, 2, 11.5, 4], "rotation": 180, "texture": "#0"},
				"down": {"uv": [9, 4, 11.5, 6], "rotation": 180, "texture": "#0"}
			}
		},
		{
			"from": [4, 22, -2],
			"to": [12, 30, 6],
			"faces": {
				"north": {"uv": [2, 2, 4, 4], "texture": "#0"},
				"east": {"uv": [0, 2, 2, 4], "texture": "#0"},
				"south": {"uv": [6, 2, 8, 4], "texture": "#0"},
				"west": {"uv": [4, 2, 6, 4], "texture": "#0"},
				"up": {"uv": [2, 0, 4, 2], "texture": "#0"},
				"down": {"uv": [4, 0, 6, 2], "texture": "#0"}
			}
		},
		{
			"from": [6, 23, -3],
			"to": [10, 26, -2],
			"faces": {
				"north": {"uv": [4.25, 4.25, 5.25, 5], "texture": "#0"},
				"east": {"uv": [4, 4.25, 4.25, 5], "texture": "#0"},
				"south": {"uv": [6, 2, 8, 4], "texture": "#0"},
				"west": {"uv": [5.25, 4.25, 5.5, 5], "texture": "#0"},
				"up": {"uv": [4.25, 4, 5.25, 4.25], "texture": "#0"},
				"down": {"uv": [5.25, 4, 6.25, 4.25], "texture": "#0"}
			}
		},
		{
			"from": [13, 10, -4],
			"to": [17, 20, 0],
			"rotation": {"angle": 45, "axis": "x", "origin": [2, 16, 1]},
			"faces": {
				"north": {"uv": [1, 5, 2, 6.5], "texture": "#0"},
				"east": {"uv": [2, 5, 3, 6.5], "texture": "#0"},
				"south": {"uv": [3, 5, 4, 6.5], "texture": "#0"},
				"west": {"uv": [0, 5, 1, 6.5], "texture": "#0"},
				"up": {"uv": [1, 4, 2, 5], "rotation": 180, "texture": "#0"},
				"down": {"uv": [2, 4, 3, 5], "rotation": 180, "texture": "#0"}
			}
		},
		{
			"from": [-1, 10, -4],
			"to": [3, 20, 0],
			"rotation": {"angle": 45, "axis": "x", "origin": [2, 16, 1]},
			"faces": {
				"north": {"uv": [1, 5, 2, 6.5], "texture": "#0"},
				"east": {"uv": [2, 5, 3, 6.5], "texture": "#0"},
				"south": {"uv": [3, 5, 4, 6.5], "texture": "#0"},
				"west": {"uv": [0, 5, 1, 6.5], "texture": "#0"},
				"up": {"uv": [1, 4, 2, 5], "rotation": 180, "texture": "#0"},
				"down": {"uv": [2, 4, 3, 5], "rotation": 180, "texture": "#0"}
			}
		},
		{
			"from": [1, 9.8, -15],
			"to": [1, 25.8, 1],
			"faces": {
				"north": {"uv": [0, 0, 16, 16], "texture": "#1"},
				"south": {"uv": [0, 0, 16, 16], "texture": "#1"},
				"west": {"uv": [0, 0, 16, 16], "texture": "#1"},
				"up": {"uv": [0, 0, 16, 16], "rotation": 270, "texture": "#1"},
				"down": {"uv": [0, 0, 16, 16], "rotation": 90, "texture": "#1"}
			}
		},
		{
			"from": [9.1, 0, -2],
			"to": [13.1, 6, 2],
			"rotation": {"angle": 22.5, "axis": "x", "origin": [11.1, 3, 1]},
			"faces": {
				"north": {"uv": [2, 2, 4, 5], "texture": "#3"},
				"east": {"uv": [0, 2, 2, 5], "texture": "#3"},
				"south": {"uv": [2, 2, 4, 5], "texture": "#3"},
				"west": {"uv": [4, 2, 6, 5], "texture": "#3"},
				"up": {"uv": [2, 0, 4, 2], "rotation": 180, "texture": "#3"},
				"down": {"uv": [4, 0, 6, 2], "rotation": 180, "texture": "#3"}
			}
		},
		{
			"from": [2.9, 0, 0],
			"to": [6.9, 6, 4],
			"rotation": {"angle": -22.5, "axis": "x", "origin": [4.9, 3, 1]},
			"faces": {
				"north": {"uv": [2, 2, 4, 5], "texture": "#3"},
				"east": {"uv": [0, 2, 2, 5], "texture": "#3"},
				"south": {"uv": [2, 2, 4, 5], "texture": "#3"},
				"west": {"uv": [4, 2, 6, 5], "texture": "#3"},
				"up": {"uv": [2, 0, 4, 2], "rotation": 180, "texture": "#3"},
				"down": {"uv": [4, 0, 6, 2], "rotation": 180, "texture": "#3"}
			}
		},
		{
			"from": [2.9, 0, 10],
			"to": [6.9, 6, 14],
			"rotation": {"angle": 22.5, "axis": "x", "origin": [4.9, 3, 13]},
			"faces": {
				"north": {"uv": [2, 2, 4, 5], "texture": "#3"},
				"east": {"uv": [0, 2, 2, 5], "texture": "#3"},
				"south": {"uv": [2, 2, 4, 5], "texture": "#3"},
				"west": {"uv": [4, 2, 6, 5], "texture": "#3"},
				"up": {"uv": [2, 0, 4, 2], "rotation": 180, "texture": "#3"},
				"down": {"uv": [4, 0, 6, 2], "rotation": 180, "texture": "#3"}
			}
		},
		{
			"from": [9.1, 0, 12],
			"to": [13.1, 6, 16],
			"rotation": {"angle": -22.5, "axis": "x", "origin": [11.1, 3, 13]},
			"faces": {
				"north": {"uv": [2, 2, 4, 5], "texture": "#3"},
				"east": {"uv": [0, 2, 2, 5], "texture": "#3"},
				"south": {"uv": [2, 2, 4, 5], "texture": "#3"},
				"west": {"uv": [4, 2, 6, 5], "texture": "#3"},
				"up": {"uv": [2, 0, 4, 2], "rotation": 180, "texture": "#3"},
				"down": {"uv": [4, 0, 6, 2], "rotation": 180, "texture": "#3"}
			}
		},
		{
			"from": [9.1, 0, 0],
			"to": [13.1, 6, 4],
			"rotation": {"angle": -22.5, "axis": "x", "origin": [11.1, 3, 1]},
			"faces": {
				"north": {"uv": [10, 2, 12, 5], "texture": "#3"},
				"east": {"uv": [8, 2, 10, 5], "texture": "#3"},
				"south": {"uv": [10, 2, 12, 5], "texture": "#3"},
				"west": {"uv": [12, 2, 14, 5], "texture": "#3"},
				"up": {"uv": [10.25, 0, 12.25, 2], "rotation": 180, "texture": "#3"},
				"down": {"uv": [12, 0, 14, 2], "rotation": 180, "texture": "#3"}
			}
		},
		{
			"from": [2.9, 0, -2],
			"to": [6.9, 6, 2],
			"rotation": {"angle": 22.5, "axis": "x", "origin": [4.9, 3, 1]},
			"faces": {
				"north": {"uv": [10, 2, 12, 5], "texture": "#3"},
				"east": {"uv": [8, 2, 10, 5], "texture": "#3"},
				"south": {"uv": [10, 2, 12, 5], "texture": "#3"},
				"west": {"uv": [12, 2, 14, 5], "texture": "#3"},
				"up": {"uv": [10.25, 0, 12.25, 2], "rotation": 180, "texture": "#3"},
				"down": {"uv": [12, 0, 14, 2], "rotation": 180, "texture": "#3"}
			}
		},
		{
			"from": [2.9, 0, 12],
			"to": [6.9, 6, 16],
			"rotation": {"angle": -22.5, "axis": "x", "origin": [4.9, 3, 13]},
			"faces": {
				"north": {"uv": [10, 2, 12, 5], "texture": "#3"},
				"east": {"uv": [8, 2, 10, 5], "texture": "#3"},
				"south": {"uv": [10, 2, 12, 5], "texture": "#3"},
				"west": {"uv": [12, 2, 14, 5], "texture": "#3"},
				"up": {"uv": [10.25, 0, 12.25, 2], "rotation": 180, "texture": "#3"},
				"down": {"uv": [12, 0, 14, 2], "rotation": 180, "texture": "#3"}
			}
		},
		{
			"from": [9.1, 0, 10],
			"to": [13.1, 6, 14],
			"rotation": {"angle": 22.5, "axis": "x", "origin": [11.1, 3, 13]},
			"faces": {
				"north": {"uv": [10, 2, 12, 5], "texture": "#3"},
				"east": {"uv": [8, 2, 10, 5], "texture": "#3"},
				"south": {"uv": [10, 2, 12, 5], "texture": "#3"},
				"west": {"uv": [12, 2, 14, 5], "texture": "#3"},
				"up": {"uv": [10.25, 0, 12.25, 2], "rotation": 180, "texture": "#3"},
				"down": {"uv": [12, 0, 14, 2], "rotation": 180, "texture": "#3"}
			}
		}
	],
	"display": {
		"head": {
			"translation": [0, -29, 11],
			"scale": [2, 2, 2]
		}
	},
	"groups": [0, 1, 2, 3, 4, 5, 6,
		{
			"name": "1",
			"children": [7, 8, 9, 10]
		},
		{
			"name": "2",
			"children": [11, 12, 13, 14]
		}
	]
}