{
	"credit": "Made with Blockbench",
	"ambientocclusion": false,
	"textures": {
		"0": "item/roots",
		"particle": "item/roots"
	},
	"elements": [
		{
			"from": [-0.11981, 11.76638, 6],
			"to": [0.88019, 15.76638, 7],
			"rotation": {"angle": 22.5, "axis": "z", "origin": [0.38019, 16.26638, 8]},
			"faces": {
				"north": {"uv": [1, 11, 2, 15], "texture": "#0"},
				"east": {"uv": [0, 0, 1, 4], "texture": "#0"},
				"south": {"uv": [0, 0, 1, 4], "texture": "#0"},
				"west": {"uv": [0, 0, 1, 4], "texture": "#0"},
				"up": {"uv": [0, 0, 1, 1], "texture": "#0"},
				"down": {"uv": [0, 0, 1, 1], "texture": "#0"}
			}
		},
		{
			"from": [-1.81981, 7.36638, 6.025],
			"to": [-0.91981, 12.36638, 7.025],
			"rotation": {"angle": 45, "axis": "z", "origin": [0.38019, 16.26638, 8]},
			"faces": {
				"north": {"uv": [0, 0, 0.9, 5], "texture": "#0"},
				"east": {"uv": [0, 0, 1, 5], "texture": "#0"},
				"south": {"uv": [0, 0, 0.9, 5], "texture": "#0"},
				"west": {"uv": [0, 0, 1, 5], "texture": "#0"},
				"up": {"uv": [0, 0, 0.9, 1], "texture": "#0"},
				"down": {"uv": [0, 0, 0.9, 1], "texture": "#0"}
			}
		},
		{
			"from": [8.48019, 4.76638, 6.025],
			"to": [9.48019, 7.76638, 6.925],
			"rotation": {"angle": 45, "axis": "z", "origin": [0.38019, 16.26638, 8]},
			"faces": {
				"north": {"uv": [14, 5, 15, 8], "texture": "#0"},
				"east": {"uv": [0, 0, 0.9, 3], "texture": "#0"},
				"south": {"uv": [0, 0, 1, 3], "texture": "#0"},
				"west": {"uv": [0, 0, 0.9, 3], "texture": "#0"},
				"up": {"uv": [0, 0, 1, 0.9], "texture": "#0"},
				"down": {"uv": [0, 0, 1, 0.9], "texture": "#0"}
			}
		},
		{
			"from": [7.88019, 18.76638, 6.1],
			"to": [12.88019, 19.76638, 6.9],
			"rotation": {"angle": -22.5, "axis": "z", "origin": [0.38019, 16.26638, 8]},
			"faces": {
				"north": {"uv": [0, 0, 1, 5], "rotation": 90, "texture": "#0"},
				"east": {"uv": [0, 0, 1, 0.8], "rotation": 270, "texture": "#0"},
				"south": {"uv": [0, 0, 1, 5], "rotation": 270, "texture": "#0"},
				"west": {"uv": [0, 0, 1, 0.8], "rotation": 270, "texture": "#0"},
				"up": {"uv": [0, 0, 0.8, 5], "rotation": 270, "texture": "#0"},
				"down": {"uv": [0, 0, 0.8, 5], "rotation": 270, "texture": "#0"}
			}
		},
		{
			"from": [1.68019, 2.56638, 6],
			"to": [2.58019, 7.56638, 7.1],
			"rotation": {"angle": 22.5, "axis": "z", "origin": [0.38019, 16.26638, 8]},
			"faces": {
				"north": {"uv": [6, 4, 6.9, 9], "texture": "#0"},
				"east": {"uv": [0, 0, 1.1, 5], "texture": "#0"},
				"south": {"uv": [0, 0, 0.9, 5], "texture": "#0"},
				"west": {"uv": [0, 0, 1.1, 5], "texture": "#0"},
				"up": {"uv": [0, 0, 0.9, 1.1], "texture": "#0"},
				"down": {"uv": [0, 0, 0.9, 1.1], "texture": "#0"}
			}
		},
		{
			"from": [2.88019, 13.36638, 6.1],
			"to": [3.88019, 17.36638, 6.9],
			"rotation": {"angle": -22.5, "axis": "z", "origin": [0.38019, 16.26638, 8]},
			"faces": {
				"north": {"uv": [0, 0, 1, 4], "texture": "#0"},
				"east": {"uv": [0, 0, 0.8, 4], "texture": "#0"},
				"south": {"uv": [0, 0, 1, 4], "texture": "#0"},
				"west": {"uv": [0, 0, 0.8, 4], "texture": "#0"},
				"up": {"uv": [0, 0, 1, 0.8], "texture": "#0"},
				"down": {"uv": [0, 0, 1, 0.8], "texture": "#0"}
			}
		},
		{
			"from": [-1.81981, 2.36638, 6.025],
			"to": [-0.91981, 7.36638, 7.025],
			"rotation": {"angle": 45, "axis": "z", "origin": [0.38019, 16.26638, 8]},
			"faces": {
				"north": {"uv": [0, 0, 0.9, 5], "texture": "#0"},
				"east": {"uv": [0, 0, 1, 5], "texture": "#0"},
				"south": {"uv": [0, 0, 0.9, 5], "texture": "#0"},
				"west": {"uv": [0, 0, 1, 5], "texture": "#0"},
				"up": {"uv": [0, 0, 0.9, 1], "texture": "#0"},
				"down": {"uv": [0, 0, 0.9, 1], "texture": "#0"}
			}
		},
		{
			"from": [16.58019, 10.26638, 6.025],
			"to": [17.58019, 19.26638, 6.925],
			"rotation": {"angle": -45, "axis": "z", "origin": [0.38019, 16.26638, 8]},
			"faces": {
				"north": {"uv": [0, 0, 1, 9], "texture": "#0"},
				"east": {"uv": [0, 0, 0.9, 9], "texture": "#0"},
				"south": {"uv": [0, 0, 1, 9], "texture": "#0"},
				"west": {"uv": [0, 0, 0.9, 9], "texture": "#0"},
				"up": {"uv": [0, 0, 1, 0.9], "texture": "#0"},
				"down": {"uv": [0, 0, 1, 0.9], "texture": "#0"}
			}
		},
		{
			"from": [14.88019, 6.76638, 6.1],
			"to": [19.88019, 7.76638, 6.9],
			"rotation": {"angle": -22.5, "axis": "z", "origin": [0.38019, 16.26638, 8]},
			"faces": {
				"north": {"uv": [0, 0, 1, 5], "rotation": 90, "texture": "#0"},
				"east": {"uv": [0, 0, 1, 0.8], "rotation": 270, "texture": "#0"},
				"south": {"uv": [0, 0, 1, 5], "rotation": 270, "texture": "#0"},
				"west": {"uv": [0, 0, 1, 0.8], "rotation": 270, "texture": "#0"},
				"up": {"uv": [0, 0, 0.8, 5], "rotation": 270, "texture": "#0"},
				"down": {"uv": [0, 0, 0.8, 5], "rotation": 270, "texture": "#0"}
			}
		},
		{
			"from": [13.88019, 5.36638, 6.1],
			"to": [14.98019, 11.36638, 6.9],
			"rotation": {"angle": 0, "axis": "y", "origin": [0.38019, 16.26638, 8]},
			"faces": {
				"north": {"uv": [2, 9, 3.1, 15], "texture": "#0"},
				"east": {"uv": [0, 0, 0.8, 6], "texture": "#0"},
				"south": {"uv": [0, 0, 1.1, 6], "texture": "#0"},
				"west": {"uv": [0, 0, 0.8, 6], "texture": "#0"},
				"up": {"uv": [0, 0, 1.1, 0.8], "texture": "#0"},
				"down": {"uv": [0, 0, 1.1, 0.8], "texture": "#0"}
			}
		},
		{
			"from": [2.18019, -0.63362, 5.925],
			"to": [3.08019, 4.36638, 7.025],
			"rotation": {"angle": 45, "axis": "z", "origin": [0.38019, 16.26638, 8]},
			"faces": {
				"north": {"uv": [14, 5, 14.9, 10], "texture": "#0"},
				"east": {"uv": [0, 0, 1.1, 5], "texture": "#0"},
				"south": {"uv": [0, 0, 0.9, 5], "texture": "#0"},
				"west": {"uv": [0, 0, 1.1, 5], "texture": "#0"},
				"up": {"uv": [0, 0, 0.9, 1.1], "texture": "#0"},
				"down": {"uv": [0, 0, 0.9, 1.1], "texture": "#0"}
			}
		},
		{
			"from": [11.78019, 13.36638, 6.15],
			"to": [12.78019, 19.36638, 6.85],
			"rotation": {"angle": -22.5, "axis": "z", "origin": [0.38019, 16.26638, 8]},
			"faces": {
				"north": {"uv": [0, 0, 1, 6], "texture": "#0"},
				"east": {"uv": [0, 0, 0.7, 6], "texture": "#0"},
				"south": {"uv": [0, 0, 1, 6], "texture": "#0"},
				"west": {"uv": [0, 0, 0.7, 6], "texture": "#0"},
				"up": {"uv": [0, 0, 1, 0.7], "texture": "#0"},
				"down": {"uv": [0, 0, 1, 0.7], "texture": "#0"}
			}
		},
		{
			"from": [11.28019, 11.06638, 6.075],
			"to": [16.28019, 11.96638, 6.875],
			"rotation": {"angle": -22.5, "axis": "z", "origin": [0.38019, 16.26638, 8]},
			"faces": {
				"north": {"uv": [0, 0, 0.9, 5], "rotation": 90, "texture": "#0"},
				"east": {"uv": [0, 0, 0.9, 0.8], "rotation": 270, "texture": "#0"},
				"south": {"uv": [0, 0, 0.9, 5], "rotation": 270, "texture": "#0"},
				"west": {"uv": [0, 0, 0.9, 0.8], "rotation": 270, "texture": "#0"},
				"up": {"uv": [0, 0, 0.8, 5], "rotation": 270, "texture": "#0"},
				"down": {"uv": [0, 0, 0.8, 5], "rotation": 270, "texture": "#0"}
			}
		},
		{
			"from": [5.88019, 1.26638, 6],
			"to": [6.88019, 10.26638, 7],
			"rotation": {"angle": -22.5, "axis": "z", "origin": [0.38019, 16.26638, 8]},
			"faces": {
				"north": {"uv": [13, 7, 14, 16], "texture": "#0"},
				"east": {"uv": [0, 0, 1, 9], "texture": "#0"},
				"south": {"uv": [0, 0, 1, 9], "texture": "#0"},
				"west": {"uv": [0, 0, 1, 9], "texture": "#0"},
				"up": {"uv": [0, 0, 1, 1], "texture": "#0"},
				"down": {"uv": [0, 0, 1, 1], "texture": "#0"}
			}
		},
		{
			"from": [6.28019, 3.16638, 5.95],
			"to": [11.28019, 4.06638, 7.15],
			"rotation": {"angle": -22.5, "axis": "z", "origin": [0.38019, 16.26638, 8]},
			"faces": {
				"north": {"uv": [0, 0, 0.9, 5], "rotation": 90, "texture": "#0"},
				"east": {"uv": [0, 0, 0.9, 1.2], "rotation": 270, "texture": "#0"},
				"south": {"uv": [0, 0, 0.9, 5], "rotation": 270, "texture": "#0"},
				"west": {"uv": [0, 0, 0.9, 1.2], "rotation": 270, "texture": "#0"},
				"up": {"uv": [0, 0, 1.2, 5], "rotation": 270, "texture": "#0"},
				"down": {"uv": [0, 0, 1.2, 5], "rotation": 270, "texture": "#0"}
			}
		},
		{
			"from": [1.78019, 4.36638, 6.025],
			"to": [6.78019, 5.26638, 7.025],
			"rotation": {"angle": 0, "axis": "y", "origin": [0.38019, 16.26638, 8]},
			"faces": {
				"north": {"uv": [0, 0, 0.9, 5], "rotation": 90, "texture": "#0"},
				"east": {"uv": [0, 0, 0.9, 1], "rotation": 270, "texture": "#0"},
				"south": {"uv": [0, 0, 0.9, 5], "rotation": 270, "texture": "#0"},
				"west": {"uv": [0, 0, 0.9, 1], "rotation": 270, "texture": "#0"},
				"up": {"uv": [0, 0, 1, 5], "rotation": 270, "texture": "#0"},
				"down": {"uv": [0, 0, 1, 5], "rotation": 270, "texture": "#0"}
			}
		},
		{
			"from": [3.58019, -1.93362, 6],
			"to": [4.48019, 3.06638, 7.1],
			"rotation": {"angle": 22.5, "axis": "z", "origin": [0.38019, 16.26638, 8]},
			"faces": {
				"north": {"uv": [0, 0, 0.9, 5], "texture": "#0"},
				"east": {"uv": [0, 0, 1.1, 5], "texture": "#0"},
				"south": {"uv": [0, 0, 0.9, 5], "texture": "#0"},
				"west": {"uv": [0, 0, 1.1, 5], "texture": "#0"},
				"up": {"uv": [0, 0, 0.9, 1.1], "texture": "#0"},
				"down": {"uv": [0, 0, 0.9, 1.1], "texture": "#0"}
			}
		},
		{
			"from": [7.88019, 5.66638, 6.05],
			"to": [8.78019, 10.66638, 6.95],
			"rotation": {"angle": 0, "axis": "y", "origin": [0.38019, 16.26638, 8]},
			"faces": {
				"north": {"uv": [0, 0, 0.9, 5], "texture": "#0"},
				"east": {"uv": [0, 0, 0.9, 5], "texture": "#0"},
				"south": {"uv": [0, 0, 0.9, 5], "texture": "#0"},
				"west": {"uv": [0, 0, 0.9, 5], "texture": "#0"},
				"up": {"uv": [0, 0, 0.9, 0.9], "texture": "#0"},
				"down": {"uv": [0, 0, 0.9, 0.9], "texture": "#0"}
			}
		},
		{
			"from": [6.58019, 10.16638, 5.95],
			"to": [7.58019, 19.16638, 7.05],
			"rotation": {"angle": -22.5, "axis": "z", "origin": [0.38019, 16.26638, 8]},
			"faces": {
				"north": {"uv": [0, 0, 1, 9], "texture": "#0"},
				"east": {"uv": [0, 0, 1.1, 9], "texture": "#0"},
				"south": {"uv": [0, 0, 1, 9], "texture": "#0"},
				"west": {"uv": [0, 0, 1.1, 9], "texture": "#0"},
				"up": {"uv": [0, 0, 1, 1.1], "texture": "#0"},
				"down": {"uv": [0, 0, 1, 1.1], "texture": "#0"}
			}
		},
		{
			"from": [9.58019, 14.76638, 6.025],
			"to": [10.58019, 23.76638, 6.925],
			"rotation": {"angle": -45, "axis": "z", "origin": [0.38019, 16.26638, 8]},
			"faces": {
				"north": {"uv": [5, 3, 6, 12], "texture": "#0"},
				"east": {"uv": [0, 0, 0.9, 9], "texture": "#0"},
				"south": {"uv": [0, 0, 1, 9], "texture": "#0"},
				"west": {"uv": [0, 0, 0.9, 9], "texture": "#0"},
				"up": {"uv": [0, 0, 1, 0.9], "texture": "#0"},
				"down": {"uv": [0, 0, 1, 0.9], "texture": "#0"}
			}
		},
		{
			"from": [13.98019, 10.76638, 5.825],
			"to": [14.98019, 14.76638, 6.725],
			"rotation": {"angle": 0, "axis": "y", "origin": [0.38019, 16.26638, 8]},
			"faces": {
				"north": {"uv": [9, 0, 10, 4], "texture": "#0"},
				"east": {"uv": [0, 0, 0.9, 4], "texture": "#0"},
				"south": {"uv": [0, 0, 1, 4], "texture": "#0"},
				"west": {"uv": [0, 0, 0.9, 4], "texture": "#0"},
				"up": {"uv": [0, 0, 1, 0.9], "texture": "#0"},
				"down": {"uv": [0, 0, 1, 0.9], "texture": "#0"}
			}
		},
		{
			"from": [-4.31981, 2.56638, 6.025],
			"to": [-3.41981, 7.56638, 7.025],
			"rotation": {"angle": 22.5, "axis": "z", "origin": [0.38019, 16.26638, 8]},
			"faces": {
				"north": {"uv": [0, 0, 0.9, 5], "texture": "#0"},
				"east": {"uv": [0, 0, 1, 5], "texture": "#0"},
				"south": {"uv": [0, 0, 0.9, 5], "texture": "#0"},
				"west": {"uv": [0, 0, 1, 5], "texture": "#0"},
				"up": {"uv": [0, 0, 0.9, 1], "texture": "#0"},
				"down": {"uv": [0, 0, 0.9, 1], "texture": "#0"}
			}
		},
		{
			"from": [1.88019, 9.76638, 6.1],
			"to": [6.88019, 10.76638, 6.9],
			"rotation": {"angle": -22.5, "axis": "z", "origin": [0.38019, 16.26638, 8]},
			"faces": {
				"north": {"uv": [3, 1, 4, 6], "rotation": 90, "texture": "#0"},
				"east": {"uv": [0, 0, 1, 0.8], "rotation": 270, "texture": "#0"},
				"south": {"uv": [0, 0, 1, 5], "rotation": 270, "texture": "#0"},
				"west": {"uv": [0, 0, 1, 0.8], "rotation": 270, "texture": "#0"},
				"up": {"uv": [0, 0, 0.8, 5], "rotation": 270, "texture": "#0"},
				"down": {"uv": [0, 0, 0.8, 5], "rotation": 270, "texture": "#0"}
			}
		},
		{
			"from": [-1.84523, 4.14664, 7],
			"to": [2.15477, 5.14664, 8],
			"rotation": {"angle": 22.5, "axis": "z", "origin": [7.71256, 8.41708, 7.65]},
			"faces": {
				"north": {"uv": [0, 0, 1, 4], "rotation": 90, "texture": "#0"},
				"east": {"uv": [0, 0, 1, 1], "rotation": 270, "texture": "#0"},
				"south": {"uv": [0, 0, 1, 4], "rotation": 270, "texture": "#0"},
				"west": {"uv": [0, 0, 1, 1], "rotation": 270, "texture": "#0"},
				"up": {"uv": [0, 0, 1, 4], "rotation": 270, "texture": "#0"},
				"down": {"uv": [0, 0, 1, 4], "rotation": 270, "texture": "#0"}
			}
		},
		{
			"from": [0.87749, 6.5826, 7.025],
			"to": [5.87749, 7.4826, 8.025],
			"rotation": {"angle": 45, "axis": "z", "origin": [7.71256, 8.41708, 7.65]},
			"faces": {
				"north": {"uv": [0, 0, 0.9, 5], "rotation": 90, "texture": "#0"},
				"east": {"uv": [0, 0, 0.9, 1], "rotation": 270, "texture": "#0"},
				"south": {"uv": [0, 0, 0.9, 5], "rotation": 270, "texture": "#0"},
				"west": {"uv": [0, 0, 0.9, 1], "rotation": 270, "texture": "#0"},
				"up": {"uv": [0, 0, 1, 5], "rotation": 270, "texture": "#0"},
				"down": {"uv": [0, 0, 1, 5], "rotation": 270, "texture": "#0"}
			}
		},
		{
			"from": [5.47749, 16.8826, 7.025],
			"to": [8.47749, 17.8826, 7.925],
			"rotation": {"angle": 45, "axis": "z", "origin": [7.71256, 8.41708, 7.65]},
			"faces": {
				"north": {"uv": [0, 0, 1, 3], "rotation": 90, "texture": "#0"},
				"east": {"uv": [0, 0, 1, 0.9], "rotation": 270, "texture": "#0"},
				"south": {"uv": [0, 0, 1, 3], "rotation": 270, "texture": "#0"},
				"west": {"uv": [0, 0, 1, 0.9], "rotation": 270, "texture": "#0"},
				"up": {"uv": [0, 0, 0.9, 3], "rotation": 270, "texture": "#0"},
				"down": {"uv": [0, 0, 0.9, 3], "rotation": 270, "texture": "#0"}
			}
		},
		{
			"from": [-0.23327, 6.13904, 7.1],
			"to": [0.76673, 11.13904, 7.9],
			"rotation": {"angle": -22.5, "axis": "z", "origin": [7.71256, 8.41708, 7.65]},
			"faces": {
				"north": {"uv": [0, 0, 1, 5], "rotation": 180, "texture": "#0"},
				"east": {"uv": [0, 0, 0.8, 5], "rotation": 180, "texture": "#0"},
				"south": {"uv": [0, 0, 1, 5], "rotation": 180, "texture": "#0"},
				"west": {"uv": [0, 0, 0.8, 5], "rotation": 180, "texture": "#0"},
				"up": {"uv": [0, 0, 1, 0.8], "rotation": 180, "texture": "#0"},
				"down": {"uv": [0, 0, 1, 0.8], "rotation": 180, "texture": "#0"}
			}
		},
		{
			"from": [6.35477, 5.94664, 7],
			"to": [11.35477, 6.84664, 8.1],
			"rotation": {"angle": 22.5, "axis": "z", "origin": [7.71256, 8.41708, 7.65]},
			"faces": {
				"north": {"uv": [0, 0, 0.9, 5], "rotation": 90, "texture": "#0"},
				"east": {"uv": [0, 0, 0.9, 1.1], "rotation": 270, "texture": "#0"},
				"south": {"uv": [0, 0, 0.9, 5], "rotation": 270, "texture": "#0"},
				"west": {"uv": [0, 0, 0.9, 1.1], "rotation": 270, "texture": "#0"},
				"up": {"uv": [0, 0, 1.1, 5], "rotation": 270, "texture": "#0"},
				"down": {"uv": [0, 0, 1.1, 5], "rotation": 270, "texture": "#0"}
			}
		},
		{
			"from": [2.16673, 1.13904, 7.1],
			"to": [6.16673, 2.13904, 7.9],
			"rotation": {"angle": -22.5, "axis": "z", "origin": [7.71256, 8.41708, 7.65]},
			"faces": {
				"north": {"uv": [0, 0, 1, 4], "rotation": 90, "texture": "#0"},
				"east": {"uv": [0, 0, 1, 0.8], "rotation": 270, "texture": "#0"},
				"south": {"uv": [0, 0, 1, 4], "rotation": 270, "texture": "#0"},
				"west": {"uv": [0, 0, 1, 0.8], "rotation": 270, "texture": "#0"},
				"up": {"uv": [0, 0, 0.8, 4], "rotation": 270, "texture": "#0"},
				"down": {"uv": [0, 0, 0.8, 4], "rotation": 270, "texture": "#0"}
			}
		},
		{
			"from": [5.87749, 6.5826, 7.025],
			"to": [10.87749, 7.4826, 8.025],
			"rotation": {"angle": 45, "axis": "z", "origin": [7.71256, 8.41708, 7.65]},
			"faces": {
				"north": {"uv": [0, 0, 0.9, 5], "rotation": 90, "texture": "#0"},
				"east": {"uv": [0, 0, 0.9, 1], "rotation": 270, "texture": "#0"},
				"south": {"uv": [0, 0, 0.9, 5], "rotation": 270, "texture": "#0"},
				"west": {"uv": [0, 0, 0.9, 1], "rotation": 270, "texture": "#0"},
				"up": {"uv": [0, 0, 1, 5], "rotation": 270, "texture": "#0"},
				"down": {"uv": [0, 0, 1, 5], "rotation": 270, "texture": "#0"}
			}
		},
		{
			"from": [13.17749, 2.7826, 7.025],
			"to": [14.17749, 11.7826, 7.925],
			"rotation": {"angle": 45, "axis": "z", "origin": [7.71256, 8.41708, 7.65]},
			"faces": {
				"north": {"uv": [0, 0, 1, 9], "texture": "#0"},
				"east": {"uv": [0, 0, 0.9, 9], "texture": "#0"},
				"south": {"uv": [0, 0, 1, 9], "texture": "#0"},
				"west": {"uv": [0, 0, 0.9, 9], "texture": "#0"},
				"up": {"uv": [0, 0, 1, 0.9], "texture": "#0"},
				"down": {"uv": [0, 0, 1, 0.9], "texture": "#0"}
			}
		},
		{
			"from": [11.76673, 13.13904, 7.1],
			"to": [12.76673, 18.13904, 7.9],
			"rotation": {"angle": -22.5, "axis": "z", "origin": [7.71256, 8.41708, 7.65]},
			"faces": {
				"north": {"uv": [0, 0, 1, 5], "rotation": 180, "texture": "#0"},
				"east": {"uv": [0, 0, 0.8, 5], "rotation": 180, "texture": "#0"},
				"south": {"uv": [0, 0, 1, 5], "rotation": 180, "texture": "#0"},
				"west": {"uv": [0, 0, 0.8, 5], "rotation": 180, "texture": "#0"},
				"up": {"uv": [0, 0, 1, 0.8], "rotation": 180, "texture": "#0"},
				"down": {"uv": [0, 0, 1, 0.8], "rotation": 180, "texture": "#0"}
			}
		},
		{
			"from": [4.76326, 14.5847, 7.1],
			"to": [10.76326, 15.6847, 7.9],
			"rotation": {"angle": 0, "axis": "y", "origin": [7.71256, 8.41708, 7.65]},
			"faces": {
				"north": {"uv": [1, 8, 1.55, 11], "rotation": 90, "texture": "#0"},
				"east": {"uv": [0, 0, 0.55, 0.4], "rotation": 270, "texture": "#0"},
				"south": {"uv": [0, 0, 0.55, 3], "rotation": 270, "texture": "#0"},
				"west": {"uv": [0, 0, 0.55, 0.4], "rotation": 270, "texture": "#0"},
				"up": {"uv": [0, 0, 0.4, 3], "rotation": 270, "texture": "#0"},
				"down": {"uv": [0, 0, 0.4, 3], "rotation": 270, "texture": "#0"}
			}
		},
		{
			"from": [8.87749, 10.5826, 6.925],
			"to": [13.87749, 11.4826, 8.025],
			"rotation": {"angle": 45, "axis": "z", "origin": [7.71256, 8.41708, 7.65]},
			"faces": {
				"north": {"uv": [0, 0, 0.9, 5], "rotation": 90, "texture": "#0"},
				"east": {"uv": [0, 0, 0.9, 1.1], "rotation": 270, "texture": "#0"},
				"south": {"uv": [0, 0, 0.9, 5], "rotation": 270, "texture": "#0"},
				"west": {"uv": [0, 0, 0.9, 1.1], "rotation": 270, "texture": "#0"},
				"up": {"uv": [0, 0, 1.1, 5], "rotation": 270, "texture": "#0"},
				"down": {"uv": [0, 0, 1.1, 5], "rotation": 270, "texture": "#0"}
			}
		},
		{
			"from": [0.16673, 10.03904, 7.15],
			"to": [6.16673, 11.03904, 7.85],
			"rotation": {"angle": -22.5, "axis": "z", "origin": [7.71256, 8.41708, 7.65]},
			"faces": {
				"north": {"uv": [0, 0, 1, 6], "rotation": 90, "texture": "#0"},
				"east": {"uv": [0, 0, 1, 0.7], "rotation": 270, "texture": "#0"},
				"south": {"uv": [0, 0, 1, 6], "rotation": 270, "texture": "#0"},
				"west": {"uv": [0, 0, 1, 0.7], "rotation": 270, "texture": "#0"},
				"up": {"uv": [0, 0, 0.7, 6], "rotation": 270, "texture": "#0"},
				"down": {"uv": [0, 0, 0.7, 6], "rotation": 270, "texture": "#0"}
			}
		},
		{
			"from": [7.56673, 9.53904, 7.075],
			"to": [8.46673, 14.53904, 7.875],
			"rotation": {"angle": -22.5, "axis": "z", "origin": [7.71256, 8.41708, 7.65]},
			"faces": {
				"north": {"uv": [0, 0, 0.9, 5], "rotation": 180, "texture": "#0"},
				"east": {"uv": [0, 0, 0.8, 5], "rotation": 180, "texture": "#0"},
				"south": {"uv": [0, 0, 0.9, 5], "rotation": 180, "texture": "#0"},
				"west": {"uv": [0, 0, 0.8, 5], "rotation": 180, "texture": "#0"},
				"up": {"uv": [0, 0, 0.9, 0.8], "rotation": 180, "texture": "#0"},
				"down": {"uv": [0, 0, 0.9, 0.8], "rotation": 180, "texture": "#0"}
			}
		},
		{
			"from": [9.26673, 4.13904, 7],
			"to": [18.26673, 5.13904, 8],
			"rotation": {"angle": -22.5, "axis": "z", "origin": [7.71256, 8.41708, 7.65]},
			"faces": {
				"north": {"uv": [0, 0, 1, 9], "rotation": 90, "texture": "#0"},
				"east": {"uv": [0, 0, 1, 1], "rotation": 270, "texture": "#0"},
				"south": {"uv": [0, 0, 1, 9], "rotation": 270, "texture": "#0"},
				"west": {"uv": [0, 0, 1, 1], "rotation": 270, "texture": "#0"},
				"up": {"uv": [0, 0, 1, 9], "rotation": 270, "texture": "#0"},
				"down": {"uv": [0, 0, 1, 9], "rotation": 270, "texture": "#0"}
			}
		},
		{
			"from": [15.46673, 4.53904, 6.95],
			"to": [16.36673, 9.53904, 8.15],
			"rotation": {"angle": -22.5, "axis": "z", "origin": [7.71256, 8.41708, 7.65]},
			"faces": {
				"north": {"uv": [0, 0, 0.9, 5], "rotation": 180, "texture": "#0"},
				"east": {"uv": [0, 0, 1.2, 5], "rotation": 180, "texture": "#0"},
				"south": {"uv": [0, 0, 0.9, 5], "rotation": 180, "texture": "#0"},
				"west": {"uv": [0, 0, 1.2, 5], "rotation": 180, "texture": "#0"},
				"up": {"uv": [0, 0, 0.9, 1.2], "rotation": 180, "texture": "#0"},
				"down": {"uv": [0, 0, 0.9, 1.2], "rotation": 180, "texture": "#0"}
			}
		},
		{
			"from": [10.86326, 2.4847, 7.025],
			"to": [11.76326, 7.4847, 8.025],
			"rotation": {"angle": 0, "axis": "y", "origin": [7.71256, 8.41708, 7.65]},
			"faces": {
				"north": {"uv": [0, 0, 0.9, 5], "rotation": 180, "texture": "#0"},
				"east": {"uv": [0, 0, 1, 5], "rotation": 180, "texture": "#0"},
				"south": {"uv": [0, 0, 0.9, 5], "rotation": 180, "texture": "#0"},
				"west": {"uv": [0, 0, 1, 5], "rotation": 180, "texture": "#0"},
				"up": {"uv": [0, 0, 0.9, 1], "rotation": 180, "texture": "#0"},
				"down": {"uv": [0, 0, 0.9, 1], "rotation": 180, "texture": "#0"}
			}
		},
		{
			"from": [10.85477, 7.84664, 7],
			"to": [15.85477, 8.74664, 8.1],
			"rotation": {"angle": 22.5, "axis": "z", "origin": [7.71256, 8.41708, 7.65]},
			"faces": {
				"north": {"uv": [0, 0, 0.9, 5], "rotation": 90, "texture": "#0"},
				"east": {"uv": [0, 0, 0.9, 1.1], "rotation": 270, "texture": "#0"},
				"south": {"uv": [0, 0, 0.9, 5], "rotation": 270, "texture": "#0"},
				"west": {"uv": [0, 0, 0.9, 1.1], "rotation": 270, "texture": "#0"},
				"up": {"uv": [0, 0, 1.1, 5], "rotation": 270, "texture": "#0"},
				"down": {"uv": [0, 0, 1.1, 5], "rotation": 270, "texture": "#0"}
			}
		},
		{
			"from": [5.46326, 8.5847, 7.05],
			"to": [10.46326, 9.4847, 7.95],
			"rotation": {"angle": 0, "axis": "y", "origin": [7.71256, 8.41708, 7.65]},
			"faces": {
				"north": {"uv": [0, 0, 0.9, 5], "rotation": 90, "texture": "#0"},
				"east": {"uv": [0, 0, 0.9, 0.9], "rotation": 270, "texture": "#0"},
				"south": {"uv": [0, 0, 0.9, 5], "rotation": 270, "texture": "#0"},
				"west": {"uv": [0, 0, 0.9, 0.9], "rotation": 270, "texture": "#0"},
				"up": {"uv": [0, 0, 0.9, 5], "rotation": 270, "texture": "#0"},
				"down": {"uv": [0, 0, 0.9, 5], "rotation": 270, "texture": "#0"}
			}
		},
		{
			"from": [0.36673, 4.83904, 6.95],
			"to": [9.36673, 5.83904, 8.05],
			"rotation": {"angle": -22.5, "axis": "z", "origin": [7.71256, 8.41708, 7.65]},
			"faces": {
				"north": {"uv": [0, 0, 1, 9], "rotation": 90, "texture": "#0"},
				"east": {"uv": [0, 0, 1, 1.1], "rotation": 270, "texture": "#0"},
				"south": {"uv": [0, 0, 1, 9], "rotation": 270, "texture": "#0"},
				"west": {"uv": [0, 0, 1, 1.1], "rotation": 270, "texture": "#0"},
				"up": {"uv": [0, 0, 1.1, 9], "rotation": 270, "texture": "#0"},
				"down": {"uv": [0, 0, 1.1, 9], "rotation": 270, "texture": "#0"}
			}
		},
		{
			"from": [6.17749, 7.2826, 7.025],
			"to": [7.17749, 16.2826, 7.925],
			"rotation": {"angle": 45, "axis": "z", "origin": [7.71256, 8.41708, 7.65]},
			"faces": {
				"north": {"uv": [0, 0, 1, 9], "texture": "#0"},
				"east": {"uv": [0, 0, 0.9, 9], "texture": "#0"},
				"south": {"uv": [0, 0, 1, 9], "texture": "#0"},
				"west": {"uv": [0, 0, 0.9, 9], "texture": "#0"},
				"up": {"uv": [0, 0, 1, 0.9], "texture": "#0"},
				"down": {"uv": [0, 0, 1, 0.9], "texture": "#0"}
			}
		},
		{
			"from": [1.36326, 14.5847, 7.025],
			"to": [5.36326, 15.5847, 7.925],
			"rotation": {"angle": 0, "axis": "y", "origin": [7.71256, 8.41708, 7.65]},
			"faces": {
				"north": {"uv": [0, 0, 1, 4], "rotation": 90, "texture": "#0"},
				"east": {"uv": [0, 0, 1, 0.9], "rotation": 270, "texture": "#0"},
				"south": {"uv": [0, 0, 1, 4], "rotation": 270, "texture": "#0"},
				"west": {"uv": [0, 0, 1, 0.9], "rotation": 270, "texture": "#0"},
				"up": {"uv": [0, 0, 0.9, 4], "rotation": 270, "texture": "#0"},
				"down": {"uv": [0, 0, 0.9, 4], "rotation": 270, "texture": "#0"}
			}
		},
		{
			"from": [6.35477, -0.05336, 7.025],
			"to": [11.35477, 0.84664, 8.025],
			"rotation": {"angle": 22.5, "axis": "z", "origin": [7.71256, 8.41708, 7.65]},
			"faces": {
				"north": {"uv": [0, 0, 0.9, 5], "rotation": 90, "texture": "#0"},
				"east": {"uv": [0, 0, 0.9, 1], "rotation": 270, "texture": "#0"},
				"south": {"uv": [0, 0, 0.9, 5], "rotation": 270, "texture": "#0"},
				"west": {"uv": [0, 0, 0.9, 1], "rotation": 270, "texture": "#0"},
				"up": {"uv": [0, 0, 1, 5], "rotation": 270, "texture": "#0"},
				"down": {"uv": [0, 0, 1, 5], "rotation": 270, "texture": "#0"}
			}
		},
		{
			"from": [8.76673, 0.13904, 7.1],
			"to": [9.76673, 5.13904, 7.9],
			"rotation": {"angle": -22.5, "axis": "z", "origin": [7.71256, 8.41708, 7.65]},
			"faces": {
				"north": {"uv": [0, 0, 1, 5], "rotation": 180, "texture": "#0"},
				"east": {"uv": [0, 0, 0.8, 5], "rotation": 180, "texture": "#0"},
				"south": {"uv": [0, 0, 1, 5], "rotation": 180, "texture": "#0"},
				"west": {"uv": [0, 0, 0.8, 5], "rotation": 180, "texture": "#0"},
				"up": {"uv": [0, 0, 1, 0.8], "rotation": 180, "texture": "#0"},
				"down": {"uv": [0, 0, 1, 0.8], "rotation": 180, "texture": "#0"}
			}
		},
		{
			"from": [10.983, -1.14071, 8],
			"to": [11.983, 2.85929, 9],
			"rotation": {"angle": 22.5, "axis": "z", "origin": [7.71256, 8.41708, 8.65]},
			"faces": {
				"north": {"uv": [0, 0, 1, 4], "rotation": 180, "texture": "#0"},
				"east": {"uv": [0, 0, 1, 4], "rotation": 180, "texture": "#0"},
				"south": {"uv": [0, 0, 1, 4], "rotation": 180, "texture": "#0"},
				"west": {"uv": [0, 0, 1, 4], "rotation": 180, "texture": "#0"},
				"up": {"uv": [0, 0, 1, 1], "rotation": 180, "texture": "#0"},
				"down": {"uv": [0, 0, 1, 1], "rotation": 180, "texture": "#0"}
			}
		},
		{
			"from": [8.64704, 1.58201, 8.025],
			"to": [9.54704, 6.58201, 9.025],
			"rotation": {"angle": 45, "axis": "z", "origin": [7.71256, 8.41708, 8.65]},
			"faces": {
				"north": {"uv": [0, 0, 0.9, 5], "rotation": 180, "texture": "#0"},
				"east": {"uv": [0, 0, 1, 5], "rotation": 180, "texture": "#0"},
				"south": {"uv": [0, 0, 0.9, 5], "rotation": 180, "texture": "#0"},
				"west": {"uv": [0, 0, 1, 5], "rotation": 180, "texture": "#0"},
				"up": {"uv": [0, 0, 0.9, 1], "rotation": 180, "texture": "#0"},
				"down": {"uv": [0, 0, 0.9, 1], "rotation": 180, "texture": "#0"}
			}
		},
		{
			"from": [-1.75296, 6.18201, 8.025],
			"to": [-0.75296, 9.18201, 8.925],
			"rotation": {"angle": 45, "axis": "z", "origin": [7.71256, 8.41708, 8.65]},
			"faces": {
				"north": {"uv": [0, 0, 1, 3], "rotation": 180, "texture": "#0"},
				"east": {"uv": [0, 0, 0.9, 3], "rotation": 180, "texture": "#0"},
				"south": {"uv": [0, 0, 1, 3], "rotation": 180, "texture": "#0"},
				"west": {"uv": [0, 0, 0.9, 3], "rotation": 180, "texture": "#0"},
				"up": {"uv": [0, 0, 1, 0.9], "rotation": 180, "texture": "#0"},
				"down": {"uv": [0, 0, 1, 0.9], "rotation": 180, "texture": "#0"}
			}
		},
		{
			"from": [4.9906, 0.47124, 8.1],
			"to": [9.9906, 1.47124, 8.9],
			"rotation": {"angle": -22.5, "axis": "z", "origin": [7.71256, 8.41708, 8.65]},
			"faces": {
				"north": {"uv": [0, 0, 1, 5], "rotation": 270, "texture": "#0"},
				"east": {"uv": [0, 0, 1, 0.8], "rotation": 90, "texture": "#0"},
				"south": {"uv": [0, 0, 1, 5], "rotation": 90, "texture": "#0"},
				"west": {"uv": [0, 0, 1, 0.8], "rotation": 90, "texture": "#0"},
				"up": {"uv": [0, 0, 0.8, 5], "rotation": 90, "texture": "#0"},
				"down": {"uv": [0, 0, 0.8, 5], "rotation": 90, "texture": "#0"}
			}
		},
		{
			"from": [9.283, 7.05929, 8],
			"to": [10.183, 12.05929, 9.1],
			"rotation": {"angle": 22.5, "axis": "z", "origin": [7.71256, 8.41708, 8.65]},
			"faces": {
				"north": {"uv": [0, 0, 0.9, 5], "rotation": 180, "texture": "#0"},
				"east": {"uv": [0, 0, 1.1, 5], "rotation": 180, "texture": "#0"},
				"south": {"uv": [0, 0, 0.9, 5], "rotation": 180, "texture": "#0"},
				"west": {"uv": [0, 0, 1.1, 5], "rotation": 180, "texture": "#0"},
				"up": {"uv": [0, 0, 0.9, 1.1], "rotation": 180, "texture": "#0"},
				"down": {"uv": [0, 0, 0.9, 1.1], "rotation": 180, "texture": "#0"}
			}
		},
		{
			"from": [13.9906, 2.87124, 8.1],
			"to": [14.9906, 6.87124, 8.9],
			"rotation": {"angle": -22.5, "axis": "z", "origin": [7.71256, 8.41708, 8.65]},
			"faces": {
				"north": {"uv": [0, 0, 1, 4], "rotation": 180, "texture": "#0"},
				"east": {"uv": [0, 0, 0.8, 4], "rotation": 180, "texture": "#0"},
				"south": {"uv": [0, 0, 1, 4], "rotation": 180, "texture": "#0"},
				"west": {"uv": [0, 0, 0.8, 4], "rotation": 180, "texture": "#0"},
				"up": {"uv": [0, 0, 1, 0.8], "rotation": 180, "texture": "#0"},
				"down": {"uv": [0, 0, 1, 0.8], "rotation": 180, "texture": "#0"}
			}
		},
		{
			"from": [8.64704, 6.58201, 8.025],
			"to": [9.54704, 11.58201, 9.025],
			"rotation": {"angle": 45, "axis": "z", "origin": [7.71256, 8.41708, 8.65]},
			"faces": {
				"north": {"uv": [0, 0, 0.9, 5], "rotation": 180, "texture": "#0"},
				"east": {"uv": [0, 0, 1, 5], "rotation": 180, "texture": "#0"},
				"south": {"uv": [0, 0, 0.9, 5], "rotation": 180, "texture": "#0"},
				"west": {"uv": [0, 0, 1, 5], "rotation": 180, "texture": "#0"},
				"up": {"uv": [0, 0, 0.9, 1], "rotation": 180, "texture": "#0"},
				"down": {"uv": [0, 0, 0.9, 1], "rotation": 180, "texture": "#0"}
			}
		},
		{
			"from": [4.34704, 13.88201, 8.025],
			"to": [13.34704, 14.88201, 8.925],
			"rotation": {"angle": 45, "axis": "z", "origin": [7.71256, 8.41708, 8.65]},
			"faces": {
				"north": {"uv": [0, 0, 1, 9], "rotation": 90, "texture": "#0"},
				"east": {"uv": [0, 0, 1, 0.9], "rotation": 270, "texture": "#0"},
				"south": {"uv": [0, 0, 1, 9], "rotation": 270, "texture": "#0"},
				"west": {"uv": [0, 0, 1, 0.9], "rotation": 270, "texture": "#0"},
				"up": {"uv": [0, 0, 0.9, 9], "rotation": 270, "texture": "#0"},
				"down": {"uv": [0, 0, 0.9, 9], "rotation": 270, "texture": "#0"}
			}
		},
		{
			"from": [-2.0094, 12.47124, 8.1],
			"to": [2.9906, 13.47124, 8.9],
			"rotation": {"angle": -22.5, "axis": "z", "origin": [7.71256, 8.41708, 8.65]},
			"faces": {
				"north": {"uv": [0, 0, 1, 5], "rotation": 270, "texture": "#0"},
				"east": {"uv": [0, 0, 1, 0.8], "rotation": 90, "texture": "#0"},
				"south": {"uv": [0, 0, 1, 5], "rotation": 90, "texture": "#0"},
				"west": {"uv": [0, 0, 1, 0.8], "rotation": 90, "texture": "#0"},
				"up": {"uv": [0, 0, 0.8, 5], "rotation": 90, "texture": "#0"},
				"down": {"uv": [0, 0, 0.8, 5], "rotation": 90, "texture": "#0"}
			}
		},
		{
			"from": [0.44494, 5.46777, 8.1],
			"to": [1.54494, 11.46777, 8.9],
			"rotation": {"angle": 0, "axis": "y", "origin": [7.71256, 8.41708, 8.65]},
			"faces": {
				"north": {"uv": [0, 0, 1.1, 6], "rotation": 180, "texture": "#0"},
				"east": {"uv": [0, 0, 0.8, 6], "rotation": 180, "texture": "#0"},
				"south": {"uv": [0, 0, 1.1, 6], "rotation": 180, "texture": "#0"},
				"west": {"uv": [0, 0, 0.8, 6], "rotation": 180, "texture": "#0"},
				"up": {"uv": [0, 0, 1.1, 0.8], "rotation": 180, "texture": "#0"},
				"down": {"uv": [0, 0, 1.1, 0.8], "rotation": 180, "texture": "#0"}
			}
		},
		{
			"from": [4.64704, 9.58201, 7.925],
			"to": [5.54704, 14.58201, 9.025],
			"rotation": {"angle": 45, "axis": "z", "origin": [7.71256, 8.41708, 8.65]},
			"faces": {
				"north": {"uv": [0, 0, 0.9, 5], "rotation": 180, "texture": "#0"},
				"east": {"uv": [0, 0, 1.1, 5], "rotation": 180, "texture": "#0"},
				"south": {"uv": [0, 0, 0.9, 5], "rotation": 180, "texture": "#0"},
				"west": {"uv": [0, 0, 1.1, 5], "rotation": 180, "texture": "#0"},
				"up": {"uv": [0, 0, 0.9, 1.1], "rotation": 180, "texture": "#0"},
				"down": {"uv": [0, 0, 0.9, 1.1], "rotation": 180, "texture": "#0"}
			}
		},
		{
			"from": [5.0906, 0.87124, 8.15],
			"to": [6.0906, 6.87124, 8.85],
			"rotation": {"angle": -22.5, "axis": "z", "origin": [7.71256, 8.41708, 8.65]},
			"faces": {
				"north": {"uv": [0, 0, 1, 6], "rotation": 180, "texture": "#0"},
				"east": {"uv": [0, 0, 0.7, 6], "rotation": 180, "texture": "#0"},
				"south": {"uv": [0, 0, 1, 6], "rotation": 180, "texture": "#0"},
				"west": {"uv": [0, 0, 0.7, 6], "rotation": 180, "texture": "#0"},
				"up": {"uv": [0, 0, 1, 0.7], "rotation": 180, "texture": "#0"},
				"down": {"uv": [0, 0, 1, 0.7], "rotation": 180, "texture": "#0"}
			}
		},
		{
			"from": [1.5906, 8.27124, 8.075],
			"to": [6.5906, 9.17124, 8.875],
			"rotation": {"angle": -22.5, "axis": "z", "origin": [7.71256, 8.41708, 8.65]},
			"faces": {
				"north": {"uv": [0, 0, 0.9, 5], "rotation": 270, "texture": "#0"},
				"east": {"uv": [0, 0, 0.9, 0.8], "rotation": 90, "texture": "#0"},
				"south": {"uv": [0, 0, 0.9, 5], "rotation": 90, "texture": "#0"},
				"west": {"uv": [0, 0, 0.9, 0.8], "rotation": 90, "texture": "#0"},
				"up": {"uv": [0, 0, 0.8, 5], "rotation": 90, "texture": "#0"},
				"down": {"uv": [0, 0, 0.8, 5], "rotation": 90, "texture": "#0"}
			}
		},
		{
			"from": [10.9906, 9.97124, 8],
			"to": [11.9906, 18.97124, 9],
			"rotation": {"angle": -22.5, "axis": "z", "origin": [7.71256, 8.41708, 8.65]},
			"faces": {
				"north": {"uv": [0, 0, 1, 9], "rotation": 180, "texture": "#0"},
				"east": {"uv": [0, 0, 1, 9], "rotation": 180, "texture": "#0"},
				"south": {"uv": [0, 0, 1, 9], "rotation": 180, "texture": "#0"},
				"west": {"uv": [0, 0, 1, 9], "rotation": 180, "texture": "#0"},
				"up": {"uv": [0, 0, 1, 1], "rotation": 180, "texture": "#0"},
				"down": {"uv": [0, 0, 1, 1], "rotation": 180, "texture": "#0"}
			}
		},
		{
			"from": [6.5906, 16.17124, 7.95],
			"to": [11.5906, 17.07124, 9.15],
			"rotation": {"angle": -22.5, "axis": "z", "origin": [7.71256, 8.41708, 8.65]},
			"faces": {
				"north": {"uv": [0, 0, 0.9, 5], "rotation": 270, "texture": "#0"},
				"east": {"uv": [0, 0, 0.9, 1.2], "rotation": 90, "texture": "#0"},
				"south": {"uv": [0, 0, 0.9, 5], "rotation": 90, "texture": "#0"},
				"west": {"uv": [0, 0, 0.9, 1.2], "rotation": 90, "texture": "#0"},
				"up": {"uv": [0, 0, 1.2, 5], "rotation": 90, "texture": "#0"},
				"down": {"uv": [0, 0, 1.2, 5], "rotation": 90, "texture": "#0"}
			}
		},
		{
			"from": [8.64494, 11.56777, 8.025],
			"to": [13.64494, 12.46777, 9.025],
			"rotation": {"angle": 0, "axis": "y", "origin": [7.71256, 8.41708, 8.65]},
			"faces": {
				"north": {"uv": [0, 0, 0.9, 5], "rotation": 270, "texture": "#0"},
				"east": {"uv": [0, 0, 0.9, 1], "rotation": 90, "texture": "#0"},
				"south": {"uv": [0, 0, 0.9, 5], "rotation": 90, "texture": "#0"},
				"west": {"uv": [0, 0, 0.9, 1], "rotation": 90, "texture": "#0"},
				"up": {"uv": [0, 0, 1, 5], "rotation": 90, "texture": "#0"},
				"down": {"uv": [0, 0, 1, 5], "rotation": 90, "texture": "#0"}
			}
		},
		{
			"from": [7.383, 11.55929, 8],
			"to": [8.283, 16.55929, 9.1],
			"rotation": {"angle": 22.5, "axis": "z", "origin": [7.71256, 8.41708, 8.65]},
			"faces": {
				"north": {"uv": [0, 0, 0.9, 5], "rotation": 180, "texture": "#0"},
				"east": {"uv": [0, 0, 1.1, 5], "rotation": 180, "texture": "#0"},
				"south": {"uv": [0, 0, 0.9, 5], "rotation": 180, "texture": "#0"},
				"west": {"uv": [0, 0, 1.1, 5], "rotation": 180, "texture": "#0"},
				"up": {"uv": [0, 0, 0.9, 1.1], "rotation": 180, "texture": "#0"},
				"down": {"uv": [0, 0, 0.9, 1.1], "rotation": 180, "texture": "#0"}
			}
		},
		{
			"from": [6.64494, 6.16777, 8.05],
			"to": [7.54494, 11.16777, 8.95],
			"rotation": {"angle": 0, "axis": "y", "origin": [7.71256, 8.41708, 8.65]},
			"faces": {
				"north": {"uv": [0, 0, 0.9, 5], "rotation": 180, "texture": "#0"},
				"east": {"uv": [0, 0, 0.9, 5], "rotation": 180, "texture": "#0"},
				"south": {"uv": [0, 0, 0.9, 5], "rotation": 180, "texture": "#0"},
				"west": {"uv": [0, 0, 0.9, 5], "rotation": 180, "texture": "#0"},
				"up": {"uv": [0, 0, 0.9, 0.9], "rotation": 180, "texture": "#0"},
				"down": {"uv": [0, 0, 0.9, 0.9], "rotation": 180, "texture": "#0"}
			}
		},
		{
			"from": [10.2906, 1.07124, 7.95],
			"to": [11.2906, 10.07124, 9.05],
			"rotation": {"angle": -22.5, "axis": "z", "origin": [7.71256, 8.41708, 8.65]},
			"faces": {
				"north": {"uv": [0, 0, 1, 9], "rotation": 180, "texture": "#0"},
				"east": {"uv": [0, 0, 1.1, 9], "rotation": 180, "texture": "#0"},
				"south": {"uv": [0, 0, 1, 9], "rotation": 180, "texture": "#0"},
				"west": {"uv": [0, 0, 1.1, 9], "rotation": 180, "texture": "#0"},
				"up": {"uv": [0, 0, 1, 1.1], "rotation": 180, "texture": "#0"},
				"down": {"uv": [0, 0, 1, 1.1], "rotation": 180, "texture": "#0"}
			}
		},
		{
			"from": [-0.15296, 6.88201, 8.025],
			"to": [8.84704, 7.88201, 8.925],
			"rotation": {"angle": 45, "axis": "z", "origin": [7.71256, 8.41708, 8.65]},
			"faces": {
				"north": {"uv": [0, 0, 1, 9], "rotation": 90, "texture": "#0"},
				"east": {"uv": [0, 0, 1, 0.9], "rotation": 270, "texture": "#0"},
				"south": {"uv": [0, 0, 1, 9], "rotation": 270, "texture": "#0"},
				"west": {"uv": [0, 0, 1, 0.9], "rotation": 270, "texture": "#0"},
				"up": {"uv": [0, 0, 0.9, 9], "rotation": 270, "texture": "#0"},
				"down": {"uv": [0, 0, 0.9, 9], "rotation": 270, "texture": "#0"}
			}
		},
		{
			"from": [0.54494, 2.06777, 8.025],
			"to": [1.54494, 6.06777, 8.925],
			"rotation": {"angle": 0, "axis": "y", "origin": [7.71256, 8.41708, 8.65]},
			"faces": {
				"north": {"uv": [0, 0, 1, 4], "rotation": 180, "texture": "#0"},
				"east": {"uv": [0, 0, 0.9, 4], "rotation": 180, "texture": "#0"},
				"south": {"uv": [0, 0, 1, 4], "rotation": 180, "texture": "#0"},
				"west": {"uv": [0, 0, 0.9, 4], "rotation": 180, "texture": "#0"},
				"up": {"uv": [0, 0, 1, 0.9], "rotation": 180, "texture": "#0"},
				"down": {"uv": [0, 0, 1, 0.9], "rotation": 180, "texture": "#0"}
			}
		},
		{
			"from": [15.283, 7.05929, 8.025],
			"to": [16.183, 12.05929, 9.025],
			"rotation": {"angle": 22.5, "axis": "z", "origin": [7.71256, 8.41708, 8.65]},
			"faces": {
				"north": {"uv": [0, 0, 0.9, 5], "rotation": 180, "texture": "#0"},
				"east": {"uv": [0, 0, 1, 5], "rotation": 180, "texture": "#0"},
				"south": {"uv": [0, 0, 0.9, 5], "rotation": 180, "texture": "#0"},
				"west": {"uv": [0, 0, 1, 5], "rotation": 180, "texture": "#0"},
				"up": {"uv": [0, 0, 0.9, 1], "rotation": 180, "texture": "#0"},
				"down": {"uv": [0, 0, 0.9, 1], "rotation": 180, "texture": "#0"}
			}
		},
		{
			"from": [10.9906, 9.47124, 8.1],
			"to": [15.9906, 10.47124, 8.9],
			"rotation": {"angle": -22.5, "axis": "z", "origin": [7.71256, 8.41708, 8.65]},
			"faces": {
				"north": {"uv": [0, 0, 1, 5], "rotation": 270, "texture": "#0"},
				"east": {"uv": [0, 0, 1, 0.8], "rotation": 90, "texture": "#0"},
				"south": {"uv": [0, 0, 1, 5], "rotation": 90, "texture": "#0"},
				"west": {"uv": [0, 0, 1, 0.8], "rotation": 90, "texture": "#0"},
				"up": {"uv": [0, 0, 0.8, 5], "rotation": 90, "texture": "#0"},
				"down": {"uv": [0, 0, 0.8, 5], "rotation": 90, "texture": "#0"}
			}
		},
		{
			"from": [13.27035, 11.68751, 9],
			"to": [17.27035, 12.68751, 10],
			"rotation": {"angle": 22.5, "axis": "z", "origin": [7.71256, 8.41708, 9.65]},
			"faces": {
				"north": {"uv": [0, 0, 1, 4], "rotation": 270, "texture": "#0"},
				"east": {"uv": [0, 0, 1, 1], "rotation": 90, "texture": "#0"},
				"south": {"uv": [0, 0, 1, 4], "rotation": 90, "texture": "#0"},
				"west": {"uv": [0, 0, 1, 1], "rotation": 90, "texture": "#0"},
				"up": {"uv": [0, 0, 1, 4], "rotation": 90, "texture": "#0"},
				"down": {"uv": [0, 0, 1, 4], "rotation": 90, "texture": "#0"}
			}
		},
		{
			"from": [9.54763, 9.35155, 9.025],
			"to": [14.54763, 10.25155, 10.025],
			"rotation": {"angle": 45, "axis": "z", "origin": [7.71256, 8.41708, 9.65]},
			"faces": {
				"north": {"uv": [0, 0, 0.9, 5], "rotation": 270, "texture": "#0"},
				"east": {"uv": [0, 0, 0.9, 1], "rotation": 90, "texture": "#0"},
				"south": {"uv": [0, 0, 0.9, 5], "rotation": 90, "texture": "#0"},
				"west": {"uv": [0, 0, 0.9, 1], "rotation": 90, "texture": "#0"},
				"up": {"uv": [0, 0, 1, 5], "rotation": 90, "texture": "#0"},
				"down": {"uv": [0, 0, 1, 5], "rotation": 90, "texture": "#0"}
			}
		},
		{
			"from": [6.94763, -1.04845, 9.025],
			"to": [9.94763, -0.04845, 9.925],
			"rotation": {"angle": 45, "axis": "z", "origin": [7.71256, 8.41708, 9.65]},
			"faces": {
				"north": {"uv": [0, 0, 1, 3], "rotation": 270, "texture": "#0"},
				"east": {"uv": [0, 0, 1, 0.9], "rotation": 90, "texture": "#0"},
				"south": {"uv": [0, 0, 1, 3], "rotation": 90, "texture": "#0"},
				"west": {"uv": [0, 0, 1, 0.9], "rotation": 90, "texture": "#0"},
				"up": {"uv": [0, 0, 0.9, 3], "rotation": 90, "texture": "#0"},
				"down": {"uv": [0, 0, 0.9, 3], "rotation": 90, "texture": "#0"}
			}
		},
		{
			"from": [14.6584, 5.69511, 9.1],
			"to": [15.6584, 10.69511, 9.9],
			"rotation": {"angle": -22.5, "axis": "z", "origin": [7.71256, 8.41708, 9.65]},
			"faces": {
				"north": {"uv": [0, 0, 1, 5], "texture": "#0"},
				"east": {"uv": [0, 0, 0.8, 5], "texture": "#0"},
				"south": {"uv": [0, 0, 1, 5], "texture": "#0"},
				"west": {"uv": [0, 0, 0.8, 5], "texture": "#0"},
				"up": {"uv": [0, 0, 1, 0.8], "texture": "#0"},
				"down": {"uv": [0, 0, 1, 0.8], "texture": "#0"}
			}
		},
		{
			"from": [4.07035, 9.98751, 9],
			"to": [9.07035, 10.88751, 10.1],
			"rotation": {"angle": 22.5, "axis": "z", "origin": [7.71256, 8.41708, 9.65]},
			"faces": {
				"north": {"uv": [0, 0, 0.9, 5], "rotation": 270, "texture": "#0"},
				"east": {"uv": [0, 0, 0.9, 1.1], "rotation": 90, "texture": "#0"},
				"south": {"uv": [0, 0, 0.9, 5], "rotation": 90, "texture": "#0"},
				"west": {"uv": [0, 0, 0.9, 1.1], "rotation": 90, "texture": "#0"},
				"up": {"uv": [0, 0, 1.1, 5], "rotation": 90, "texture": "#0"},
				"down": {"uv": [0, 0, 1.1, 5], "rotation": 90, "texture": "#0"}
			}
		},
		{
			"from": [9.2584, 14.69511, 9.1],
			"to": [13.2584, 15.69511, 9.9],
			"rotation": {"angle": -22.5, "axis": "z", "origin": [7.71256, 8.41708, 9.65]},
			"faces": {
				"north": {"uv": [0, 0, 1, 4], "rotation": 270, "texture": "#0"},
				"east": {"uv": [0, 0, 1, 0.8], "rotation": 90, "texture": "#0"},
				"south": {"uv": [0, 0, 1, 4], "rotation": 90, "texture": "#0"},
				"west": {"uv": [0, 0, 1, 0.8], "rotation": 90, "texture": "#0"},
				"up": {"uv": [0, 0, 0.8, 4], "rotation": 90, "texture": "#0"},
				"down": {"uv": [0, 0, 0.8, 4], "rotation": 90, "texture": "#0"}
			}
		},
		{
			"from": [4.54763, 9.35155, 9.025],
			"to": [9.54763, 10.25155, 10.025],
			"rotation": {"angle": 45, "axis": "z", "origin": [7.71256, 8.41708, 9.65]},
			"faces": {
				"north": {"uv": [0, 0, 0.9, 5], "rotation": 270, "texture": "#0"},
				"east": {"uv": [0, 0, 0.9, 1], "rotation": 90, "texture": "#0"},
				"south": {"uv": [0, 0, 0.9, 5], "rotation": 90, "texture": "#0"},
				"west": {"uv": [0, 0, 0.9, 1], "rotation": 90, "texture": "#0"},
				"up": {"uv": [0, 0, 1, 5], "rotation": 90, "texture": "#0"},
				"down": {"uv": [0, 0, 1, 5], "rotation": 90, "texture": "#0"}
			}
		},
		{
			"from": [1.24763, 5.05155, 9.025],
			"to": [2.24763, 14.05155, 9.925],
			"rotation": {"angle": 45, "axis": "z", "origin": [7.71256, 8.41708, 9.65]},
			"faces": {
				"north": {"uv": [0, 0, 1, 9], "rotation": 180, "texture": "#0"},
				"east": {"uv": [0, 0, 0.9, 9], "rotation": 180, "texture": "#0"},
				"south": {"uv": [0, 0, 1, 9], "rotation": 180, "texture": "#0"},
				"west": {"uv": [0, 0, 0.9, 9], "rotation": 180, "texture": "#0"},
				"up": {"uv": [0, 0, 1, 0.9], "rotation": 180, "texture": "#0"},
				"down": {"uv": [0, 0, 1, 0.9], "rotation": 180, "texture": "#0"}
			}
		},
		{
			"from": [2.6584, -1.30489, 9.1],
			"to": [3.6584, 3.69511, 9.9],
			"rotation": {"angle": -22.5, "axis": "z", "origin": [7.71256, 8.41708, 9.65]},
			"faces": {
				"north": {"uv": [0, 0, 1, 5], "texture": "#0"},
				"east": {"uv": [0, 0, 0.8, 5], "texture": "#0"},
				"south": {"uv": [0, 0, 1, 5], "texture": "#0"},
				"west": {"uv": [0, 0, 0.8, 5], "texture": "#0"},
				"up": {"uv": [0, 0, 1, 0.8], "texture": "#0"},
				"down": {"uv": [0, 0, 1, 0.8], "texture": "#0"}
			}
		},
		{
			"from": [4.66187, 1.14945, 9.1],
			"to": [10.66187, 2.24945, 9.9],
			"rotation": {"angle": 0, "axis": "y", "origin": [7.71256, 8.41708, 9.65]},
			"faces": {
				"north": {"uv": [0, 0, 1.1, 6], "rotation": 270, "texture": "#0"},
				"east": {"uv": [0, 0, 1.1, 0.8], "rotation": 90, "texture": "#0"},
				"south": {"uv": [0, 0, 1.1, 6], "rotation": 90, "texture": "#0"},
				"west": {"uv": [0, 0, 1.1, 0.8], "rotation": 90, "texture": "#0"},
				"up": {"uv": [0, 0, 0.8, 6], "rotation": 90, "texture": "#0"},
				"down": {"uv": [0, 0, 0.8, 6], "rotation": 90, "texture": "#0"}
			}
		},
		{
			"from": [1.54763, 5.35155, 8.925],
			"to": [6.54763, 6.25155, 10.025],
			"rotation": {"angle": 45, "axis": "z", "origin": [7.71256, 8.41708, 9.65]},
			"faces": {
				"north": {"uv": [0, 0, 0.9, 5], "rotation": 270, "texture": "#0"},
				"east": {"uv": [0, 0, 0.9, 1.1], "rotation": 90, "texture": "#0"},
				"south": {"uv": [0, 0, 0.9, 5], "rotation": 90, "texture": "#0"},
				"west": {"uv": [0, 0, 0.9, 1.1], "rotation": 90, "texture": "#0"},
				"up": {"uv": [0, 0, 1.1, 5], "rotation": 90, "texture": "#0"},
				"down": {"uv": [0, 0, 1.1, 5], "rotation": 90, "texture": "#0"}
			}
		},
		{
			"from": [9.2584, 5.79511, 9.15],
			"to": [15.2584, 6.79511, 9.85],
			"rotation": {"angle": -22.5, "axis": "z", "origin": [7.71256, 8.41708, 9.65]},
			"faces": {
				"north": {"uv": [0, 0, 1, 6], "rotation": 270, "texture": "#0"},
				"east": {"uv": [0, 0, 1, 0.7], "rotation": 90, "texture": "#0"},
				"south": {"uv": [0, 0, 1, 6], "rotation": 90, "texture": "#0"},
				"west": {"uv": [0, 0, 1, 0.7], "rotation": 90, "texture": "#0"},
				"up": {"uv": [0, 0, 0.7, 6], "rotation": 90, "texture": "#0"},
				"down": {"uv": [0, 0, 0.7, 6], "rotation": 90, "texture": "#0"}
			}
		},
		{
			"from": [6.9584, 2.29511, 9.075],
			"to": [7.8584, 7.29511, 9.875],
			"rotation": {"angle": -22.5, "axis": "z", "origin": [7.71256, 8.41708, 9.65]},
			"faces": {
				"north": {"uv": [0, 0, 0.9, 5], "texture": "#0"},
				"east": {"uv": [0, 0, 0.8, 5], "texture": "#0"},
				"south": {"uv": [0, 0, 0.9, 5], "texture": "#0"},
				"west": {"uv": [0, 0, 0.8, 5], "texture": "#0"},
				"up": {"uv": [0, 0, 0.9, 0.8], "texture": "#0"},
				"down": {"uv": [0, 0, 0.9, 0.8], "texture": "#0"}
			}
		},
		{
			"from": [-2.8416, 11.69511, 9],
			"to": [6.1584, 12.69511, 10],
			"rotation": {"angle": -22.5, "axis": "z", "origin": [7.71256, 8.41708, 9.65]},
			"faces": {
				"north": {"uv": [0, 0, 1, 9], "rotation": 270, "texture": "#0"},
				"east": {"uv": [0, 0, 1, 1], "rotation": 90, "texture": "#0"},
				"south": {"uv": [0, 0, 1, 9], "rotation": 90, "texture": "#0"},
				"west": {"uv": [0, 0, 1, 1], "rotation": 90, "texture": "#0"},
				"up": {"uv": [0, 0, 1, 9], "rotation": 90, "texture": "#0"},
				"down": {"uv": [0, 0, 1, 9], "rotation": 90, "texture": "#0"}
			}
		},
		{
			"from": [-0.9416, 7.29511, 8.95],
			"to": [-0.0416, 12.29511, 10.15],
			"rotation": {"angle": -22.5, "axis": "z", "origin": [7.71256, 8.41708, 9.65]},
			"faces": {
				"north": {"uv": [0, 0, 0.9, 5], "texture": "#0"},
				"east": {"uv": [0, 0, 1.2, 5], "texture": "#0"},
				"south": {"uv": [0, 0, 0.9, 5], "texture": "#0"},
				"west": {"uv": [0, 0, 1.2, 5], "texture": "#0"},
				"up": {"uv": [0, 0, 0.9, 1.2], "texture": "#0"},
				"down": {"uv": [0, 0, 0.9, 1.2], "texture": "#0"}
			}
		},
		{
			"from": [3.66187, 9.34945, 9.025],
			"to": [4.56187, 14.34945, 10.025],
			"rotation": {"angle": 0, "axis": "y", "origin": [7.71256, 8.41708, 9.65]},
			"faces": {
				"north": {"uv": [0, 0, 0.9, 5], "texture": "#0"},
				"east": {"uv": [0, 0, 1, 5], "texture": "#0"},
				"south": {"uv": [0, 0, 0.9, 5], "texture": "#0"},
				"west": {"uv": [0, 0, 1, 5], "texture": "#0"},
				"up": {"uv": [0, 0, 0.9, 1], "texture": "#0"},
				"down": {"uv": [0, 0, 0.9, 1], "texture": "#0"}
			}
		},
		{
			"from": [-0.42965, 8.08751, 9],
			"to": [4.57035, 8.98751, 10.1],
			"rotation": {"angle": 22.5, "axis": "z", "origin": [7.71256, 8.41708, 9.65]},
			"faces": {
				"north": {"uv": [0, 0, 0.9, 5], "rotation": 270, "texture": "#0"},
				"east": {"uv": [0, 0, 0.9, 1.1], "rotation": 90, "texture": "#0"},
				"south": {"uv": [0, 0, 0.9, 5], "rotation": 90, "texture": "#0"},
				"west": {"uv": [0, 0, 0.9, 1.1], "rotation": 90, "texture": "#0"},
				"up": {"uv": [0, 0, 1.1, 5], "rotation": 90, "texture": "#0"},
				"down": {"uv": [0, 0, 1.1, 5], "rotation": 90, "texture": "#0"}
			}
		},
		{
			"from": [4.96187, 7.34945, 9.05],
			"to": [9.96187, 8.24945, 9.95],
			"rotation": {"angle": 0, "axis": "y", "origin": [7.71256, 8.41708, 9.65]},
			"faces": {
				"north": {"uv": [0, 0, 0.9, 5], "rotation": 270, "texture": "#0"},
				"east": {"uv": [0, 0, 0.9, 0.9], "rotation": 90, "texture": "#0"},
				"south": {"uv": [0, 0, 0.9, 5], "rotation": 90, "texture": "#0"},
				"west": {"uv": [0, 0, 0.9, 0.9], "rotation": 90, "texture": "#0"},
				"up": {"uv": [0, 0, 0.9, 5], "rotation": 90, "texture": "#0"},
				"down": {"uv": [0, 0, 0.9, 5], "rotation": 90, "texture": "#0"}
			}
		},
		{
			"from": [6.0584, 10.99511, 8.95],
			"to": [15.0584, 11.99511, 10.05],
			"rotation": {"angle": -22.5, "axis": "z", "origin": [7.71256, 8.41708, 9.65]},
			"faces": {
				"north": {"uv": [0, 0, 1, 9], "rotation": 270, "texture": "#0"},
				"east": {"uv": [0, 0, 1, 1.1], "rotation": 90, "texture": "#0"},
				"south": {"uv": [0, 0, 1, 9], "rotation": 90, "texture": "#0"},
				"west": {"uv": [0, 0, 1, 1.1], "rotation": 90, "texture": "#0"},
				"up": {"uv": [0, 0, 1.1, 9], "rotation": 90, "texture": "#0"},
				"down": {"uv": [0, 0, 1.1, 9], "rotation": 90, "texture": "#0"}
			}
		},
		{
			"from": [8.24763, 0.55155, 9.025],
			"to": [9.24763, 9.55155, 9.925],
			"rotation": {"angle": 45, "axis": "z", "origin": [7.71256, 8.41708, 9.65]},
			"faces": {
				"north": {"uv": [0, 0, 1, 9], "rotation": 180, "texture": "#0"},
				"east": {"uv": [0, 0, 0.9, 9], "rotation": 180, "texture": "#0"},
				"south": {"uv": [0, 0, 1, 9], "rotation": 180, "texture": "#0"},
				"west": {"uv": [0, 0, 0.9, 9], "rotation": 180, "texture": "#0"},
				"up": {"uv": [0, 0, 1, 0.9], "rotation": 180, "texture": "#0"},
				"down": {"uv": [0, 0, 1, 0.9], "rotation": 180, "texture": "#0"}
			}
		},
		{
			"from": [10.06187, 1.24945, 9.025],
			"to": [14.06187, 2.24945, 9.925],
			"rotation": {"angle": 0, "axis": "y", "origin": [7.71256, 8.41708, 9.65]},
			"faces": {
				"north": {"uv": [0, 0, 1, 4], "rotation": 270, "texture": "#0"},
				"east": {"uv": [0, 0, 1, 0.9], "rotation": 90, "texture": "#0"},
				"south": {"uv": [0, 0, 1, 4], "rotation": 90, "texture": "#0"},
				"west": {"uv": [0, 0, 1, 0.9], "rotation": 90, "texture": "#0"},
				"up": {"uv": [0, 0, 0.9, 4], "rotation": 90, "texture": "#0"},
				"down": {"uv": [0, 0, 0.9, 4], "rotation": 90, "texture": "#0"}
			}
		},
		{
			"from": [4.07035, 15.98751, 9.025],
			"to": [9.07035, 16.88751, 10.025],
			"rotation": {"angle": 22.5, "axis": "z", "origin": [7.71256, 8.41708, 9.65]},
			"faces": {
				"north": {"uv": [0, 0, 0.9, 5], "rotation": 270, "texture": "#0"},
				"east": {"uv": [0, 0, 0.9, 1], "rotation": 90, "texture": "#0"},
				"south": {"uv": [0, 0, 0.9, 5], "rotation": 90, "texture": "#0"},
				"west": {"uv": [0, 0, 0.9, 1], "rotation": 90, "texture": "#0"},
				"up": {"uv": [0, 0, 1, 5], "rotation": 90, "texture": "#0"},
				"down": {"uv": [0, 0, 1, 5], "rotation": 90, "texture": "#0"}
			}
		},
		{
			"from": [5.6584, 11.69511, 9.1],
			"to": [6.6584, 16.69511, 9.9],
			"rotation": {"angle": -22.5, "axis": "z", "origin": [7.71256, 8.41708, 9.65]},
			"faces": {
				"north": {"uv": [0, 0, 1, 5], "texture": "#0"},
				"east": {"uv": [0, 0, 0.8, 5], "texture": "#0"},
				"south": {"uv": [0, 0, 1, 5], "texture": "#0"},
				"west": {"uv": [0, 0, 0.8, 5], "texture": "#0"},
				"up": {"uv": [0, 0, 1, 0.8], "texture": "#0"},
				"down": {"uv": [0, 0, 1, 0.8], "texture": "#0"}
			}
		}
	],
	"display": {
		"fixed": {
			"rotation": [90, 0, 0],
			"translation": [0.25, 0, -17],
			"scale": [2, 2, 2]
		}
	},
	"groups": [
		{
			"name": "group",
			"origin": [1.38019, 16.26638, 6],
			"color": 0,
			"children": [0, 1, 2, 3, 4, 5, 6, 7, 8, 9, 10, 11, 12, 13, 14, 15, 16, 17, 18, 19, 20, 21, 22]
		},
		{
			"name": "group",
			"origin": [1.38019, 16.26638, 6],
			"color": 0,
			"children": [23, 24, 25, 26, 27, 28, 29, 30, 31, 32, 33, 34, 35, 36, 37, 38, 39, 40, 41, 42, 43, 44, 45]
		},
		{
			"name": "group",
			"origin": [1.38019, 16.26638, 6],
			"color": 0,
			"children": [46, 47, 48, 49, 50, 51, 52, 53, 54, 55, 56, 57, 58, 59, 60, 61, 62, 63, 64, 65, 66, 67, 68]
		},
		{
			"name": "group",
			"origin": [1.38019, 16.26638, 6],
			"color": 0,
			"children": [69, 70, 71, 72, 73, 74, 75, 76, 77, 78, 79, 80, 81, 82, 83, 84, 85, 86, 87, 88, 89, 90, 91]
		}
	]
}