{
	"credit": "Made with Blockbench",
	"parent": "stick",
	"texture_size": [48, 48],
	"textures": {
		"0": "spear",
		"particle": "spear"
	},
	"elements": [
		{
			"from": [7, 0, 0],
			"to": [7.2, 16, 16],
			"faces": {
				"north": {"uv": [0, 0, 0, 0], "texture": "#0"},
				"east": {"uv": [0, 0, 16, 16], "texture": "#0"},
				"south": {"uv": [0, 0, 0, 0], "texture": "#0"},
				"west": {"uv": [16, 0, 0, 16], "texture": "#0"},
				"up": {"uv": [0, 0, 4.33333, 4.33333], "texture": "#0"},
				"down": {"uv": [0, 0, 0, 0], "texture": "#0"}
			}
		}
	],
	"display": {
		"thirdperson_righthand": {
			"rotation": [51, 0, 0],
			"translation": [2, 0.75, 1.5],
			"scale": [1.6, 1.6, 1.6]
		},
		"firstperson_righthand": {
			"rotation": [0, 33, 0],
			"translation": [2.25, 0, 0]
		},
		"gui": {
			"rotation": [0, -107, 0]
		},
		"head": {
			"rotation": [-70, -46, -63],
			"translation": [0, 4.5, 0],
			"scale": [0.95, 1.44, 2.54]
		},
		"fixed": {
			"rotation": [0, -93, 0]
		}
	}
}