{
	"credit": "Made with Blockbench",
	"parent": "book",
	"ambientocclusion": false,
	"texture_size": [64, 32],
	"textures": {
		"0": "item/golem_armor_layer_1",
		"particle": "item/golem_armor_layer_1"
	},
	"elements": [
		{
			"from": [0, 0, 0],
			"to": [16, 8, 16],
			"faces": {
				"north": {"uv": [10, 2, 12, 4], "texture": "#0"},
				"east": {"uv": [10, 2, 12, 4], "texture": "#0"},
				"south": {"uv": [10, 2, 12, 4], "texture": "#0"},
				"west": {"uv": [10, 2, 12, 4], "texture": "#0"},
				"up": {"uv": [3, 4.5, 3.25, 5], "texture": "#0"},
				"down": {"uv": [10, 0, 12, 4], "texture": "#0"}
			}
		},
		{
			"from": [0, 8, 8],
			"to": [8, 16, 16],
			"faces": {
				"north": {"uv": [10, 2, 11, 4], "texture": "#0"},
				"east": {"uv": [5, 2, 6, 4], "texture": "#0"},
				"south": {"uv": [10, 2, 11, 4], "texture": "#0"},
				"west": {"uv": [11, 2, 12, 4], "texture": "#0"},
				"up": {"uv": [10, 2, 11, 4], "texture": "#0"},
				"down": {"uv": [10, 2, 11, 4], "texture": "#0"}
			}
		},
		{
			"from": [0, 8, 0],
			"to": [8, 16, 8],
			"faces": {
				"north": {"uv": [10, 2, 11, 4], "texture": "#0"},
				"east": {"uv": [5, 2, 6, 4], "texture": "#0"},
				"south": {"uv": [10, 2, 11, 4], "texture": "#0"},
				"west": {"uv": [9.25, 6, 10.25, 8], "texture": "#0"},
				"up": {"uv": [10, 0, 11, 2], "texture": "#0"},
				"down": {"uv": [10, 2, 11, 4], "texture": "#0"}
			}
		},
		{
			"from": [8, 8, 0],
			"to": [16, 16, 8],
			"faces": {
				"north": {"uv": [10, 2, 11, 4], "texture": "#0"},
				"east": {"uv": [10, 0, 11, 2], "texture": "#0"},
				"south": {"uv": [5, 2, 6, 4], "texture": "#0"},
				"west": {"uv": [9.25, 6, 10.25, 8], "texture": "#0"},
				"up": {"uv": [10, 2, 11, 4], "texture": "#0"},
				"down": {"uv": [10, 2, 11, 4], "texture": "#0"}
			}
		}
	],
	"display": {
		"thirdperson_righthand": {
			"scale": [0.33, 0.31, 0.34]
		},
		"fixed": {
			"translation": [0, 0, 18],
			"scale": [2, 2, 2]
		}
	}
}