{
	"credit": "Made with Blockbench",
	"textures": {
		"0": "item/beer_pomp",
		"particle": "item/beer_pomp"
	},
	"elements": [
		{
			"from": [3, 6, 7.2],
			"to": [9, 7.3, 8.8],
			"rotation": {"angle": 0, "axis": "y", "origin": [-4, -6, 0]},
			"faces": {
				"north": {"uv": [6, 0, 8, 6], "rotation": 90, "texture": "#0"},
				"east": {"uv": [6, 0, 8, 2], "rotation": 90, "texture": "#0"},
				"south": {"uv": [6, 0, 8, 6], "rotation": 90, "texture": "#0"},
				"west": {"uv": [6, 0, 8, 2], "rotation": 90, "texture": "#0"},
				"up": {"uv": [8, 14, 6, 8], "texture": "#0"},
				"down": {"uv": [8, 10, 6, 16], "texture": "#0"}
			}
		},
		{
			"from": [7.6, 5, 7.5],
			"to": [8.6, 6, 8.5],
			"rotation": {"angle": 0, "axis": "y", "origin": [-4, -6, 0]},
			"faces": {
				"north": {"uv": [8, 2, 9, 3], "texture": "#0"},
				"east": {"uv": [8, 2, 9, 3], "texture": "#0"},
				"south": {"uv": [8, 2, 9, 3], "texture": "#0"},
				"west": {"uv": [8, 2, 9, 3], "texture": "#0"},
				"up": {"uv": [9, 3, 8, 2], "texture": "#0"},
				"down": {"uv": [9, 2, 8, 3], "texture": "#0"}
			}
		},
		{
			"from": [3, 8, 7.3],
			"to": [9, 9.3, 8.7],
			"rotation": {"angle": 22.5, "axis": "z", "origin": [6, 8.65, 8]},
			"faces": {
				"north": {"uv": [4, 0, 6, 6], "rotation": 90, "texture": "#0"},
				"east": {"uv": [4, 0, 6, 2], "rotation": 90, "texture": "#0"},
				"south": {"uv": [4, 0, 6, 6], "rotation": 90, "texture": "#0"},
				"west": {"uv": [4, 0, 6, 2], "rotation": 90, "texture": "#0"},
				"up": {"uv": [6, 11, 4, 5], "rotation": 90, "texture": "#0"},
				"down": {"uv": [6, 7, 4, 9], "texture": "#0"}
			}
		}
	],
	"display": {
		"thirdperson_righthand": {
			"scale": [0.3, 0.3, 0.3]
		},
		"thirdperson_lefthand": {
			"scale": [0.24, 0.24, 0.24]
		},
		"firstperson_righthand": {
			"scale": [0.27, 0.26, 0.26]
		},
		"firstperson_lefthand": {
			"scale": [0.31, 0.31, 0.31]
		},
		"ground": {
			"scale": [0.25, 0.25, 0.25]
		},
		"gui": {
			"rotation": [34, 30, -17],
			"translation": [2.5, 0, 0]
		},
		"head": {
			"rotation": [0, 90, 0]
		},
		"fixed": {
			"rotation": [0, 90, 0],
			"translation": [0, -4, -6.5],
			"scale": [1.65, 1.65, 1.65]
		}
	}
}